<?xml version="1.0" encoding="UTF-8"?>
<!DOCTYPE TEXT SYSTEM "../../Archive_v2.dtd">
<TEXT xmlns="http://crdo.risc.fr/schemas/annotation" xmlns:xsi="http://www.w3.org/2001/XMLSchema-instance" xsi:schemaLocation="http://crdo.risc.fr/schemas/annotation http://cocoon.huma-num.fr/schemas/archive.xsd" id="crdo-TPO_hang_1517581748792" xml:lang=""><HEADER/><S id="TPO_hang_1517581748792_S1"><AREA image="Lai Pao 3 - page 1" shape="rect" coords="93,62,1219,173"></AREA><AUDIO start="7.673372489429176" end="14.455643657505284"/><TRANSL xml:lang="fra">Arrondissement de Tương Dương, District de Hội Nguyên, Canton de Nga Mi, Commune de Nga Mi.</TRANSL><TRANSL xml:lang="eng">Tương Dương Prefecture, Hội Nguyên District, Nga Mi Township, Nga Mi Commune.</TRANSL><TRANSL xml:lang="vie">phủ Tương Dương, huyện Hội Nguyên, tổng Nga Mi, xã Nga Mi.</TRANSL><FORM kindOf="phone">tɨǝŋ² dɨǝŋ² fu:⁴ ho:j⁶ ŋwien² vien⁶ ŋa:² mi:² so:ŋ⁴ ŋa:² mi:² sa:⁴</FORM><W id="TPO_hang_1517581748792_W2"><AREA image="Lai Pao 3 - page 1" shape="rect" coords="108,85,187,149"></AREA><AUDIO start="7.762000720241323" end="8.055655144217733"/><TRANSL xml:lang="vie">Tương</TRANSL><FORM kindOf="phone">tɨǝŋ²</FORM></W><W id="TPO_hang_1517581748792_W3"><AREA image="Lai Pao 3 - page 1" shape="rect" coords="181,84,254,150"></AREA><AUDIO start="8.055655144217733" end="8.325499750033893"/><TRANSL xml:lang="vie">Dương</TRANSL><FORM kindOf="phone">dɨǝŋ²</FORM></W><W id="TPO_hang_1517581748792_W4"><AREA image="Lai Pao 3 - page 1" shape="rect" coords="248,95,298,154"></AREA><AUDIO start="8.325499750033893" end="8.666773810330803"/><TRANSL xml:lang="vie">phủ</TRANSL><FORM kindOf="phone">fu:⁴</FORM></W><W id="TPO_hang_1517581748792_W5"><AREA image="Lai Pao 3 - page 1" shape="rect" coords="299,75,408,143"></AREA><AUDIO start="8.65090059822397" end="8.976301446414045"/><TRANSL xml:lang="vie">Hội</TRANSL><FORM kindOf="phone">ho:j⁶</FORM></W><W id="TPO_hang_1517581748792_W6"><AREA image="Lai Pao 3 - page 1" shape="rect" coords="405,92,554,145"></AREA><AUDIO start="8.976301446414045" end="9.317575506710954"/><TRANSL xml:lang="vie">Nguyên</TRANSL><FORM kindOf="phone">ŋwien²</FORM></W><W id="TPO_hang_1517581748792_W7"><AREA image="Lai Pao 3 - page 1" shape="rect" coords="547,88,675,145"></AREA><AUDIO start="9.309638900657538" end="9.650912960954447"/><TRANSL xml:lang="vie">huyện</TRANSL><FORM kindOf="phone">vien⁶</FORM></W><W id="TPO_hang_1517581748792_W8"><AREA image="Lai Pao 3 - page 1" shape="rect" coords="670,97,765,145"></AREA><AUDIO start="12.595393806771963" end="12.928731261015454"/><TRANSL xml:lang="vie">Nga</TRANSL><FORM kindOf="phone">ŋa:²</FORM></W><W id="TPO_hang_1517581748792_W9"><AREA image="Lai Pao 3 - page 1" shape="rect" coords="765,82,828,143"></AREA><AUDIO start="12.928731261015454" end="13.246195503152114"/><TRANSL xml:lang="vie">Mi</TRANSL><FORM kindOf="phone">mi:²</FORM></W><W id="TPO_hang_1517581748792_W10"><AREA image="Lai Pao 3 - page 1" shape="rect" coords="828,87,897,146"></AREA><AUDIO start="13.238258897098698" end="13.571596351342189"/><TRANSL xml:lang="vie">tổng</TRANSL><FORM kindOf="phone">so:ŋ⁴</FORM></W><W id="TPO_hang_1517581748792_W11"><AREA image="Lai Pao 3 - page 1" shape="rect" coords="896,96,1015,144"></AREA><AUDIO start="13.563659745288772" end="13.793821320837852"/><TRANSL xml:lang="vie">Nga</TRANSL><FORM kindOf="phone">ŋa:²</FORM></W><W id="TPO_hang_1517581748792_W12"><AREA image="Lai Pao 3 - page 1" shape="rect" coords="1016,72,1104,144"></AREA><AUDIO start="13.833504351104933" end="14.016046290333513"/><TRANSL xml:lang="vie">Mi</TRANSL><FORM kindOf="phone">mi:²</FORM></W><W id="TPO_hang_1517581748792_W13"><AREA image="Lai Pao 3 - page 1" shape="rect" coords="1099,95,1197,157"></AREA><AUDIO start="14.039856108493762" end="14.412876593004338"/><TRANSL xml:lang="vie">xã</TRANSL><FORM kindOf="phone">sa:⁴</FORM></W></S><S id="TPO_hang_1517581748792_S2"><AREA image="Lai Pao 3 - page 1" shape="rect" coords="88,172,1578,289"></AREA><AUDIO start="14.913661328696925" end="29.12735196284773"/><TRANSL xml:lang="fra">Moi soussigné, le Chef [le Sieur BAN],  j'ai ce document  pour le P. de Tun (là). Autrefois, le Conseil Communal avait cédé le lopin</TRANSL><TRANSL xml:lang="eng">I, the undersigned, the Chief [Sir BAN],  I have this document for the Father of Tun (here). In old times, the Township Council had sold the plot</TRANSL><TRANSL xml:lang="vie">Tôi, ông Lý [ông Bản], có giấy này cho cha của Tun. Trước đây, hàng xã có cầm cố mảnh</TRANSL><FORM kindOf="phone">khɔ:j⁵ ʔo:ŋ¹ li:¹ mi:² tǝ:² ni:⁶ hǝ:⁵ ʔɛ:ŋ⁶ tu:n² kɔ:⁴ tɛ:⁵ kɔ:n⁵ han⁶ ha:ŋ² sa:⁵ kɔ:⁴ kǝm² mɛŋ⁵</FORM><W id="TPO_hang_1517581748792_W15"><AREA image="Lai Pao 3 - page 1" shape="rect" coords="104,190,216,250"></AREA><AUDIO start="15.008122047010573" end="15.460508592055316"/><TRANSL xml:lang="vie">tôi</TRANSL><FORM kindOf="phone">khɔ:j⁵</FORM></W><W id="TPO_hang_1517581748792_W16"><AREA image="Lai Pao 3 - page 1" shape="rect" coords="215,188,306,252"></AREA><AUDIO start="16.127183500542294" end="16.428774530572124"/><TRANSL xml:lang="vie">ông</TRANSL><FORM kindOf="phone">ʔo:ŋ¹</FORM></W><W id="TPO_hang_1517581748792_W17"><AREA image="Lai Pao 3 - page 1" shape="rect" coords="301,179,350,254"></AREA><AUDIO start="16.420837924518707" end="16.849414651403197"/><TRANSL xml:lang="vie">Lý</TRANSL><FORM kindOf="phone">li:¹</FORM></W><W id="TPO_hang_1517581748792_W18"><AREA image="Lai Pao 3 - page 1" shape="rect" coords="343,190,400,253"></AREA><AUDIO start="17.397040469088935" end="17.762124347546095"/><TRANSL xml:lang="vie">có</TRANSL><FORM kindOf="phone">mi:²</FORM></W><W id="TPO_hang_1517581748792_W19"><AREA image="Lai Pao 3 - page 1" shape="rect" coords="398,203,487,255"></AREA><AUDIO start="17.75418774149268" end="18.039905559415672"/><TRANSL xml:lang="vie">giấy</TRANSL><FORM kindOf="phone">tǝ:²</FORM></W><W id="TPO_hang_1517581748792_W20"><AREA image="Lai Pao 3 - page 1" shape="rect" coords="489,185,548,248"></AREA><AUDIO start="18.031968953362256" end="18.436735862086497"/><TRANSL xml:lang="vie">này</TRANSL><FORM kindOf="phone">ni:⁶</FORM></W><W id="TPO_hang_1517581748792_W21"><AREA image="Lai Pao 3 - page 1" shape="rect" coords="504,242,579,283"></AREA><AUDIO start="19.15103040689398" end="19.611353557992135"/><TRANSL xml:lang="vie">cho</TRANSL><FORM kindOf="phone">hǝ:⁵</FORM></W><W id="TPO_hang_1517581748792_W22"><AREA image="Lai Pao 3 - page 1" shape="rect" coords="540,214,677,254"></AREA><AUDIO start="23.71457888760846" end="24.00029670553145"/><TRANSL xml:lang="vie">cha</TRANSL><FORM kindOf="phone">ʔɛ:ŋ⁶</FORM></W><W id="TPO_hang_1517581748792_W23"><AREA image="Lai Pao 3 - page 1" shape="rect" coords="678,209,791,264"></AREA><AUDIO start="24.0241065236917" end="24.317760947668113"/><TRANSL xml:lang="vie">Tũn</TRANSL><FORM kindOf="phone">tu:n²</FORM></W><W id="TPO_hang_1517581748792_W24"><AREA image="Lai Pao 3 - page 1" shape="rect" coords="790,205,834,260"></AREA><AUDIO start="24.913006401674348" end="25.24634385591784"/><TRANSL xml:lang="vie">(kɔ:⁴ tɛ:⁵ kɔ:n⁵ han⁶ ): từ trước đến nay</TRANSL><FORM kindOf="phone">kɔ:⁴</FORM></W><W id="TPO_hang_1517581748792_W25"><AREA image="Lai Pao 3 - page 1" shape="rect" coords="833,200,924,253"></AREA><AUDIO start="25.238407249864423" end="25.508251855680584"/><TRANSL xml:lang="vie">(kɔ:⁴ tɛ:⁵ kɔ:n⁵ han⁶ ): từ trước đến nay</TRANSL><FORM kindOf="phone">tɛ:⁵</FORM></W><W id="TPO_hang_1517581748792_W26"><AREA image="Lai Pao 3 - page 1" shape="rect" coords="917,203,1064,254"></AREA><AUDIO start="25.508251855680584" end="25.84952591597749"/><TRANSL xml:lang="vie">(kɔ:⁴ tɛ:⁵ kɔ:n⁵ han⁶ ): từ trước đến nay</TRANSL><FORM kindOf="phone">kɔ:n⁵</FORM></W><W id="TPO_hang_1517581748792_W27"><AREA image="Lai Pao 3 - page 1" shape="rect" coords="1058,203,1122,252"></AREA><AUDIO start="25.841589309924075" end="26.254292824701736"/><TRANSL xml:lang="vie">(kɔ:⁴ tɛ:⁵ kɔ:n⁵ han⁶ ): từ trước đến nay</TRANSL><FORM kindOf="phone">han⁶</FORM></W><W id="TPO_hang_1517581748792_W28"><AREA image="Lai Pao 3 - page 1" shape="rect" coords="1120,198,1241,252"></AREA><AUDIO start="26.452707976037146" end="26.905094521081885"/><TRANSL xml:lang="vie">hàng</TRANSL><FORM kindOf="phone">ha:ŋ²</FORM></W><W id="TPO_hang_1517581748792_W29"><AREA image="Lai Pao 3 - page 1" shape="rect" coords="1238,205,1320,275"></AREA><AUDIO start="27.65907209615645" end="28.143205065414858"/><TRANSL xml:lang="vie">xã</TRANSL><FORM kindOf="phone">sa:⁵</FORM></W><W id="TPO_hang_1517581748792_W30"><AREA image="Lai Pao 3 - page 1" shape="rect" coords="1318,193,1375,256"></AREA><AUDIO start="28.174951489628523" end="28.48447912571177"/><TRANSL xml:lang=""></TRANSL><FORM kindOf="phone">kɔ:⁴</FORM></W><W id="TPO_hang_1517581748792_W31"><AREA image="Lai Pao 3 - page 1" shape="rect" coords="1371,184,1493,250"></AREA><AUDIO start="28.5003523378186" end="28.801943367848423"/><TRANSL xml:lang="vie">cầm cố</TRANSL><FORM kindOf="phone">kǝm²</FORM></W><W id="TPO_hang_1517581748792_W32"><AREA image="Lai Pao 3 - page 1" shape="rect" coords="1430,203,1573,258"></AREA><AUDIO start="28.794006761795007" end="29.119407609985085"/><TRANSL xml:lang="vie">mảnh</TRANSL><FORM kindOf="phone">mɛŋ⁵</FORM></W></S><S id="TPO_hang_1517581748792_S3"><AREA image="Lai Pao 3 - page 1" shape="rect" coords="88,272,1592,380"></AREA><AUDIO start="29.098781730417276" end="37.31272355417276"/><TRANSL xml:lang="fra">de terre Nặm Hạng au Père Xổng Cồ [père de Cương et chef de C.] pour trois barres. Arrivé à notre génération</TRANSL><TRANSL xml:lang="eng">of land Nặm Hạng to Father Xổng Cồ [father of Cương and chief of C.] for the price of three bars. Arriving at our generation</TRANSL><TRANSL xml:lang="vie">đất Nẵm Hàng cho cha chánh tổng Cồ [cha ông Cương] với số tiền cầm cố là 3 nén. Đến đời chúng tôi ông</TRANSL><FORM kindOf="phone">di:n¹ nam⁶ ha:ŋ⁴ hǝ:⁵ ʔɛ:ŋ⁶ so:ŋ⁴ ko:⁵ mi:² sa:m¹ nɛ:n⁵ ma:² hɔ:t⁸ tǝ:j² ɲa:² haw²</FORM><W id="TPO_hang_1517581748792_W34"><AREA image="Lai Pao 3 - page 1" shape="rect" coords="109,287,208,365"></AREA><AUDIO start="29.11147100393167" end="29.420998640014908"/><TRANSL xml:lang="vie">đất</TRANSL><FORM kindOf="phone">di:n¹</FORM></W><W id="TPO_hang_1517581748792_W35"><AREA image="Lai Pao 3 - page 1" shape="rect" coords="151,309,240,362"></AREA><AUDIO start="29.405125427908075" end="29.865448579006237"/><TRANSL xml:lang="vie">Nặm</TRANSL><FORM kindOf="phone">nam⁶</FORM></W><W id="TPO_hang_1517581748792_W36"><AREA image="Lai Pao 3 - page 1" shape="rect" coords="239,305,356,355"></AREA><AUDIO start="29.84163876084599" end="30.28608869983731"/><TRANSL xml:lang="vie">Hạng</TRANSL><FORM kindOf="phone">ha:ŋ⁴</FORM></W><W id="TPO_hang_1517581748792_W37"><AREA image="Lai Pao 3 - page 1" shape="rect" coords="357,308,450,360"></AREA><AUDIO start="31.016256456751627" end="31.39721354731562"/><TRANSL xml:lang="vie">cho</TRANSL><FORM kindOf="phone">hǝ:⁵</FORM></W><W id="TPO_hang_1517581748792_W38"><AREA image="Lai Pao 3 - page 1" shape="rect" coords="450,307,568,356"></AREA><AUDIO start="31.373403729155367" end="31.746424213665943"/><TRANSL xml:lang="vie">cha</TRANSL><FORM kindOf="phone">ʔɛ:ŋ⁶</FORM></W><W id="TPO_hang_1517581748792_W39"><AREA image="Lai Pao 3 - page 1" shape="rect" coords="568,287,635,357"></AREA><AUDIO start="31.738487607612527" end="32.04007863764235"/><TRANSL xml:lang="vie">tổng</TRANSL><FORM kindOf="phone">so:ŋ⁴</FORM></W><W id="TPO_hang_1517581748792_W40"><AREA image="Lai Pao 3 - page 1" shape="rect" coords="631,297,681,356"></AREA><AUDIO start="32.03214203158894" end="32.35754287977901"/><TRANSL xml:lang="vie">Cồ</TRANSL><FORM kindOf="phone">ko:⁵</FORM></W><W id="TPO_hang_1517581748792_W41"><AREA image="Lai Pao 3 - page 1" shape="rect" coords="681,298,733,350"></AREA><AUDIO start="33.127393666960415" end="33.62739984832565"/><TRANSL xml:lang="vie">có</TRANSL><FORM kindOf="phone">mi:²</FORM></W><W id="TPO_hang_1517581748792_W42"><AREA image="Lai Pao 3 - page 1" shape="rect" coords="733,303,870,348"></AREA><AUDIO start="33.825814999661056" end="34.151215847851134"/><TRANSL xml:lang="vie">ba</TRANSL><FORM kindOf="phone">sa:m¹</FORM></W><W id="TPO_hang_1517581748792_W43"><AREA image="Lai Pao 3 - page 1" shape="rect" coords="867,288,1054,353"></AREA><AUDIO start="34.1353426357443" end="34.53217293841512"/><TRANSL xml:lang="vie">nén</TRANSL><FORM kindOf="phone">nɛ:n⁵</FORM></W><W id="TPO_hang_1517581748792_W44"><AREA image="Lai Pao 3 - page 1" shape="rect" coords="1053,300,1153,349"></AREA><AUDIO start="35.222657665062364" end="35.70679063432077"/><TRANSL xml:lang="vie">(ma:² hɔ:t⁸): cho đến</TRANSL><FORM kindOf="phone">ma:²</FORM></W><W id="TPO_hang_1517581748792_W45"><AREA image="Lai Pao 3 - page 1" shape="rect" coords="1148,300,1286,352"></AREA><AUDIO start="35.73853705853443" end="36.0560013006711"/><TRANSL xml:lang="vie">(ma:² hɔ:t⁸): cho đến</TRANSL><FORM kindOf="phone">hɔ:t⁸</FORM></W><W id="TPO_hang_1517581748792_W46"><AREA image="Lai Pao 3 - page 1" shape="rect" coords="1281,282,1396,352"></AREA><AUDIO start="36.2544164520065" end="36.659183360730744"/><TRANSL xml:lang="vie">đời</TRANSL><FORM kindOf="phone">tǝ:j²</FORM></W><W id="TPO_hang_1517581748792_W47"><AREA image="Lai Pao 3 - page 1" shape="rect" coords="1388,304,1485,350"></AREA><AUDIO start="36.83378869390591" end="37.05601366340157"/><TRANSL xml:lang="vie">(ɲa:² haw²): đời chúng tôi</TRANSL><FORM kindOf="phone">ɲa:²</FORM></W><W id="TPO_hang_1517581748792_W48"><AREA image="Lai Pao 3 - page 1" shape="rect" coords="1475,306,1587,348"></AREA><AUDIO start="37.04807705734815" end="37.3099850571109"/><TRANSL xml:lang="vie">(ɲa:² haw²): chúng tôi</TRANSL><FORM kindOf="phone">haw²</FORM></W></S><S id="TPO_hang_1517581748792_S4"><AREA image="Lai Pao 3 - page 1" shape="rect" coords="79,364,1589,492"></AREA><AUDIO start="37.31272355417276" end="47.36944536969253"/><TRANSL xml:lang="fra">de nous Cương à ce moment-là, [Cương] a cédé à nous [Ban, la terre] pour le prix de deux barres. Aujourd’hui, j’ai des</TRANSL><TRANSL xml:lang="eng">(the generation of us), Cương at that time [Cương] sold to us [Ban, the land] for the price of two bars. Today, I have</TRANSL><TRANSL xml:lang="vie">Cương lại đến cầm cố với tôi số tiền là hai nén. Hiện bây giờ, tôi</TRANSL><FORM kindOf="phone">kɨǝŋ² ciŋ⁴ ma:² kǝm² hǝ:⁵ khɔ:j⁵ mi:² ŋǝn² sɔŋ¹ nɛ:n⁵ ma:² ʔǝ:n² ni:⁶ khɔ:j⁵ kɔ:⁴</FORM><W id="TPO_hang_1517581748792_W50"><AREA image="Lai Pao 3 - page 1" shape="rect" coords="109,396,205,473"></AREA><AUDIO start="37.31529542346449" end="37.708561108445295"/><TRANSL xml:lang="vie">Cương</TRANSL><FORM kindOf="phone">kɨǝŋ²</FORM></W><W id="TPO_hang_1517581748792_W51"><AREA image="Lai Pao 3 - page 1" shape="rect" coords="191,405,286,470"></AREA><AUDIO start="38.48385631597888" end="39.00071978766795"/><TRANSL xml:lang="vie">đem</TRANSL><FORM kindOf="phone">ciŋ⁴</FORM></W><W id="TPO_hang_1517581748792_W52"><AREA image="Lai Pao 3 - page 1" shape="rect" coords="270,426,374,467"></AREA><AUDIO start="39.214206873800386" end="39.76477883277351"/><TRANSL xml:lang="vie">về</TRANSL><FORM kindOf="phone">ma:²</FORM></W><W id="TPO_hang_1517581748792_W53"><AREA image="Lai Pao 3 - page 1" shape="rect" coords="376,397,489,470"></AREA><AUDIO start="39.8097234824856" end="40.11309986804223"/><TRANSL xml:lang="vie">cầm cố</TRANSL><FORM kindOf="phone">kǝm²</FORM></W><W id="TPO_hang_1517581748792_W54"><AREA image="Lai Pao 3 - page 1" shape="rect" coords="479,416,594,470"></AREA><AUDIO start="40.180516842610366" end="40.540074040307104"/><TRANSL xml:lang="vie">cho</TRANSL><FORM kindOf="phone">hǝ:⁵</FORM></W><W id="TPO_hang_1517581748792_W55"><AREA image="Lai Pao 3 - page 1" shape="rect" coords="587,400,706,460"></AREA><AUDIO start="40.686144151871396" end="41.101882161708254"/><TRANSL xml:lang="vie">tôi</TRANSL><FORM kindOf="phone">khɔ:j⁵</FORM></W><W id="TPO_hang_1517581748792_W56"><AREA image="Lai Pao 3 - page 1" shape="rect" coords="698,408,761,456"></AREA><AUDIO start="41.450203196976965" end="41.787288069817656"/><TRANSL xml:lang="vie">có</TRANSL><FORM kindOf="phone">mi:²</FORM></W><W id="TPO_hang_1517581748792_W57"><AREA image="Lai Pao 3 - page 1" shape="rect" coords="759,388,850,460"></AREA><AUDIO start="41.77605190738963" end="42.02324748080614"/><TRANSL xml:lang="vie">tiền</TRANSL><FORM kindOf="phone">ŋǝn²</FORM></W><W id="TPO_hang_1517581748792_W58"><AREA image="Lai Pao 3 - page 1" shape="rect" coords="845,407,946,460"></AREA><AUDIO start="42.04571980566219" end="42.36033235364683"/><TRANSL xml:lang="vie">hai</TRANSL><FORM kindOf="phone">sɔŋ¹</FORM></W><W id="TPO_hang_1517581748792_W59"><AREA image="Lai Pao 3 - page 1" shape="rect" coords="950,398,1127,454"></AREA><AUDIO start="42.349096191218806" end="42.67494490163147"/><TRANSL xml:lang="vie">nén</TRANSL><FORM kindOf="phone">nɛ:n⁵</FORM></W><W id="TPO_hang_1517581748792_W60"><AREA image="Lai Pao 3 - page 1" shape="rect" coords="1130,400,1233,449"></AREA><AUDIO start="44.27047996641075" end="44.73116262595969"/><TRANSL xml:lang="vie">(ma:² ʔǝ:n² ni:⁶): hiện bây giờ</TRANSL><FORM kindOf="phone">ma:²</FORM></W><W id="TPO_hang_1517581748792_W61"><AREA image="Lai Pao 3 - page 1" shape="rect" coords="1226,406,1390,455"></AREA><AUDIO start="44.764871113243764" end="44.96712203694817"/><TRANSL xml:lang="vie">(ma:² ʔǝ:n² ni:⁶): hiện bây giờ</TRANSL><FORM kindOf="phone">ʔǝ:n²</FORM></W><W id="TPO_hang_1517581748792_W62"><AREA image="Lai Pao 3 - page 1" shape="rect" coords="1327,379,1400,445"></AREA><AUDIO start="44.9783581993762" end="45.37162388435701"/><TRANSL xml:lang="vie">(ma:² ʔǝ:n² ni:⁶): hiện bây giờ</TRANSL><FORM kindOf="phone">ni:⁶</FORM></W><W id="TPO_hang_1517581748792_W63"><AREA image="Lai Pao 3 - page 1" shape="rect" coords="1393,386,1517,448"></AREA><AUDIO start="45.596347132917465" end="46.12444676703455"/><TRANSL xml:lang="vie">tôi</TRANSL><FORM kindOf="phone">khɔ:j⁵</FORM></W><W id="TPO_hang_1517581748792_W64"><AREA image="Lai Pao 3 - page 1" shape="rect" coords="1513,386,1575,442"></AREA><AUDIO start="47.06828441098848" end="47.337952309261034"/><TRANSL xml:lang=""></TRANSL><FORM kindOf="phone">kɔ:⁴</FORM></W></S><S id="TPO_hang_1517581748792_S5"><AREA image="Lai Pao 3 - page 1" shape="rect" coords="86,484,1592,602"></AREA><AUDIO start="47.3716607965451" end="55.652712505998075"/><TRANSL xml:lang="fra">difficultés, [nous le Canton] n'avons plus rien à dépenser, alors je prends à Père Tũn deux</TRANSL><TRANSL xml:lang="eng">difficulties, [we the Township the Township Council] do not have money left to spend (we are out of money), so I take from Father Tũn two</TRANSL><TRANSL xml:lang="vie">nghèo không có tiền tiêu. Tôi lại cầm cố cho cha Tũn hai</TRANSL><FORM kindOf="phone">kho:n⁵ bɔ:⁴ mi:² ʔan¹ lǝ:² tiɛw¹ khɔ:j⁵ ciŋ⁴ daj⁵ kǝm² hǝ⁵ ʔɛŋ⁶ tu:n⁶ mi:² ŋǝn² sɔ:ŋ¹</FORM><W id="TPO_hang_1517581748792_W66"><AREA image="Lai Pao 3 - page 1" shape="rect" coords="108,504,214,580"></AREA><AUDIO start="47.337952309261034" end="47.78739880638196"/><TRANSL xml:lang="vie">nghèo, khốn khó</TRANSL><FORM kindOf="phone">kho:n⁵</FORM></W><W id="TPO_hang_1517581748792_W67"><AREA image="Lai Pao 3 - page 1" shape="rect" coords="213,520,264,574"></AREA><AUDIO start="48.21437297864683" end="48.585166338771586"/><TRANSL xml:lang="vie">không</TRANSL><FORM kindOf="phone">bɔ:⁴</FORM></W><W id="TPO_hang_1517581748792_W68"><AREA image="Lai Pao 3 - page 1" shape="rect" coords="261,519,324,572"></AREA><AUDIO start="48.585166338771586" end="48.83236191218809"/><TRANSL xml:lang="vie">có</TRANSL><FORM kindOf="phone">mi:²</FORM></W><W id="TPO_hang_1517581748792_W69"><AREA image="Lai Pao 3 - page 1" shape="rect" coords="325,520,388,576"></AREA><AUDIO start="49.20315527231286" end="49.23686375959692"/><TRANSL xml:lang=""></TRANSL><FORM kindOf="phone">ʔan¹</FORM></W><W id="TPO_hang_1517581748792_W70"><AREA image="Lai Pao 3 - page 1" shape="rect" coords="383,525,453,587"></AREA><AUDIO start="49.23686375959692" end="49.270572246880995"/><TRANSL xml:lang=""></TRANSL><FORM kindOf="phone">lǝ:²</FORM></W><W id="TPO_hang_1517581748792_W71"><AREA image="Lai Pao 3 - page 1" shape="rect" coords="450,520,577,575"></AREA><AUDIO start="49.23686375959692" end="49.59642095729367"/><TRANSL xml:lang="vie">tiêu</TRANSL><FORM kindOf="phone">tiɛw¹</FORM></W><W id="TPO_hang_1517581748792_W72"><AREA image="Lai Pao 3 - page 1" shape="rect" coords="575,519,705,575"></AREA><AUDIO start="50.41666081453934" end="50.77621801223608"/><TRANSL xml:lang="vie">tôi</TRANSL><FORM kindOf="phone">khɔ:j⁵</FORM></W><W id="TPO_hang_1517581748792_W73"><AREA image="Lai Pao 3 - page 1" shape="rect" coords="695,503,799,572"></AREA><AUDIO start="50.75374568738004" end="51.14701137236084"/><TRANSL xml:lang="vie">(ciŋ⁴ daj⁵ ): cho nên, vì vậy</TRANSL><FORM kindOf="phone">ciŋ⁴</FORM></W><W id="TPO_hang_1517581748792_W74"><AREA image="Lai Pao 3 - page 1" shape="rect" coords="784,524,844,582"></AREA><AUDIO start="51.42791543306142" end="51.922306579894425"/><TRANSL xml:lang="vie">(ciŋ⁴ daj⁵): cho nên, vì vậy</TRANSL><FORM kindOf="phone">daj⁵</FORM></W><W id="TPO_hang_1517581748792_W75"><AREA image="Lai Pao 3 - page 1" shape="rect" coords="850,508,964,572"></AREA><AUDIO start="52.686365625" end="53.012214335412665"/><TRANSL xml:lang="vie">cầm cố</TRANSL><FORM kindOf="phone">kǝm²</FORM></W><W id="TPO_hang_1517581748792_W76"><AREA image="Lai Pao 3 - page 1" shape="rect" coords="959,513,1059,573"></AREA><AUDIO start="53.03468666026871" end="53.5178416446737"/><TRANSL xml:lang="vie">cho</TRANSL><FORM kindOf="phone">hǝ⁵</FORM></W><W id="TPO_hang_1517581748792_W77"><AREA image="Lai Pao 3 - page 1" shape="rect" coords="1058,520,1208,573"></AREA><AUDIO start="53.663911756238" end="53.94481581693858"/><TRANSL xml:lang="vie">cha</TRANSL><FORM kindOf="phone">ʔɛŋ⁶</FORM></W><W id="TPO_hang_1517581748792_W78"><AREA image="Lai Pao 3 - page 1" shape="rect" coords="1207,513,1306,576"></AREA><AUDIO start="53.911107329654506" end="54.214483715211124"/><TRANSL xml:lang="vie">Tũn</TRANSL><FORM kindOf="phone">tu:n² </FORM></W><W id="TPO_hang_1517581748792_W79"><AREA image="Lai Pao 3 - page 1" shape="rect" coords="1299,506,1362,566"></AREA><AUDIO start="54.61898556261996" end="55.05719589731286"/><TRANSL xml:lang="vie">có</TRANSL><FORM kindOf="phone">mi:²</FORM></W><W id="TPO_hang_1517581748792_W80"><AREA image="Lai Pao 3 - page 1" shape="rect" coords="1361,493,1461,566"></AREA><AUDIO start="55.03472357245681" end="55.39428077015354"/><TRANSL xml:lang="vie">tiền</TRANSL><FORM kindOf="phone">ŋǝn²</FORM></W><W id="TPO_hang_1517581748792_W81"><AREA image="Lai Pao 3 - page 1" shape="rect" coords="1461,505,1550,560"></AREA><AUDIO start="55.4167530950096" end="55.6639486684261"/><TRANSL xml:lang="vie">hai</TRANSL><FORM kindOf="phone">sɔ:ŋ¹</FORM></W></S><S id="TPO_hang_1517581748792_S6"><AREA image="Lai Pao 3 - page 1" shape="rect" coords="99,588,1586,707"></AREA><AUDIO start="55.652712505998075" end="73.82158715211132"/><TRANSL xml:lang="fra">barres. C'est pourquoi par ce document je remets le document précédent [du bornage] à lui [Tũn]. Plus tard,</TRANSL><TRANSL xml:lang="eng">bars. This is why by this document I entrust the former document (=the document of the previous boundary marking) to him [Tũn]. Later,</TRANSL><TRANSL xml:lang="vie">nén. Vì vậy tôi có tờ giấy này giao các văn bản cũ cho ngài. Sau này, bản</TRANSL><FORM kindOf="phone">nɛ:n⁵ ciŋ⁴ daj⁵ mi:² tǝ:² ni:⁶ ja:w¹ sa:k⁸ di:n¹ kaw⁴ hǝ:⁵ ŋa:j² mɨa² na:⁶ ban⁵</FORM><W id="TPO_hang_1517581748792_W83"><AREA image="Lai Pao 3 - page 1" shape="rect" coords="108,624,224,682"></AREA><AUDIO start="55.652712505998075" end="56.01226970369481"/><TRANSL xml:lang="vie">nén</TRANSL><FORM kindOf="phone">nɛ:n⁵</FORM></W><W id="TPO_hang_1517581748792_W84"><AREA image="Lai Pao 3 - page 1" shape="rect" coords="225,615,316,678"></AREA><AUDIO start="57.843764179462575" end="58.28197451415547"/><TRANSL xml:lang="vie">(ciŋ⁴ daj⁵): cho nên, vì vậy</TRANSL><FORM kindOf="phone">ciŋ⁴</FORM></W><W id="TPO_hang_1517581748792_W85"><AREA image="Lai Pao 3 - page 1" shape="rect" coords="298,640,363,693"></AREA><AUDIO start="59.214575995681386" end="59.55166086852207"/><TRANSL xml:lang="vie">(ciŋ⁴ daj⁵): cho nên, vì vậy</TRANSL><FORM kindOf="phone">daj⁵</FORM></W><W id="TPO_hang_1517581748792_W86"><AREA image="Lai Pao 3 - page 1" shape="rect" coords="359,624,421,680"></AREA><AUDIO start="59.52918854366603" end="59.866273416506715"/><TRANSL xml:lang="vie">có</TRANSL><FORM kindOf="phone">mi:²</FORM></W><W id="TPO_hang_1517581748792_W87"><AREA image="Lai Pao 3 - page 1" shape="rect" coords="419,638,507,694"></AREA><AUDIO start="59.88874574136276" end="60.1022328274952"/><TRANSL xml:lang="vie">tờ giấy</TRANSL><FORM kindOf="phone">tǝ:²</FORM></W><W id="TPO_hang_1517581748792_W88"><AREA image="Lai Pao 3 - page 1" shape="rect" coords="509,620,578,686"></AREA><AUDIO start="60.11346898992323" end="60.383136888195764"/><TRANSL xml:lang="vie">này</TRANSL><FORM kindOf="phone">ni:⁶</FORM></W><W id="TPO_hang_1517581748792_W89"><AREA image="Lai Pao 3 - page 1" shape="rect" coords="576,626,724,680"></AREA><AUDIO start="60.86629187260077" end="61.38315534428982"/><TRANSL xml:lang="vie">giao</TRANSL><FORM kindOf="phone">ja:w¹</FORM></W><W id="TPO_hang_1517581748792_W90"><AREA image="Lai Pao 3 - page 1" shape="rect" coords="717,630,843,684"></AREA><AUDIO start="61.98990811540306" end="62.41688228766794"/><TRANSL xml:lang="vie">địa phận, ranh giới</TRANSL><FORM kindOf="phone">sa:k⁸</FORM></W><W id="TPO_hang_1517581748792_W91"><AREA image="Lai Pao 3 - page 1" shape="rect" coords="840,613,951,679"></AREA><AUDIO start="62.40564612523992" end="62.7876756477927"/><TRANSL xml:lang="vie">đất</TRANSL><FORM kindOf="phone">di:n¹</FORM></W><W id="TPO_hang_1517581748792_W92"><AREA image="Lai Pao 3 - page 1" shape="rect" coords="948,629,1030,677"></AREA><AUDIO start="70.31590447456814" end="70.73164248440499"/><TRANSL xml:lang="vie">cũ</TRANSL><FORM kindOf="phone">kaw⁴</FORM></W><W id="TPO_hang_1517581748792_W93"><AREA image="Lai Pao 3 - page 1" shape="rect" coords="1023,627,1133,679"></AREA><AUDIO start="71.226033631238" end="71.59682699136276"/><TRANSL xml:lang="vie">cho</TRANSL><FORM kindOf="phone">hǝ:⁵</FORM></W><W id="TPO_hang_1517581748792_W94"><AREA image="Lai Pao 3 - page 1" shape="rect" coords="1127,617,1268,675"></AREA><AUDIO start="71.58559082893473" end="72.0575096509117"/><TRANSL xml:lang="vie">ngài, ông</TRANSL><FORM kindOf="phone">ŋa:j²</FORM></W><W id="TPO_hang_1517581748792_W95"><AREA image="Lai Pao 3 - page 1" shape="rect" coords="1261,597,1343,669"></AREA><AUDIO start="72.686734746881" end="73.04629194457773"/><TRANSL xml:lang="vie">(mɨa² na:⁶): từ giờ về sau</TRANSL><FORM kindOf="phone">mɨa²</FORM></W><W id="TPO_hang_1517581748792_W96"><AREA image="Lai Pao 3 - page 1" shape="rect" coords="1331,610,1436,667"></AREA><AUDIO start="73.09123659428984" end="73.43955762955854"/><TRANSL xml:lang="vie">(mɨa² na:⁶): từ giờ về sau</TRANSL><FORM kindOf="phone">na:⁶</FORM></W><W id="TPO_hang_1517581748792_W97"><AREA image="Lai Pao 3 - page 1" shape="rect" coords="1433,612,1576,672"></AREA><AUDIO start="73.55191925383878" end="73.8103509896833"/><TRANSL xml:lang="vie">bản</TRANSL><FORM kindOf="phone">ban⁵</FORM></W></S><S id="TPO_hang_1517581748792_S7"><AREA image="Lai Pao 3 - page 2" shape="rect" coords="93,33,1666,167"></AREA><AUDIO start="73.8103509896833" end="94.92310019193856"/><TRANSL xml:lang="fra">si le Conseil veut reprendre la terre n'importe quand qu'il reprenne chez moi alors, je rendrai la terre à</TRANSL><TRANSL xml:lang="eng">if the Council wants to take the land back at any time let it take (the land) back from me then, I shall return the land to</TRANSL><TRANSL xml:lang="vie">mương nếu chuộc được khi nào đến chuộc với tôi, sau đó tôi sẽ chuộc đất với</TRANSL><FORM kindOf="phone">mɨǝŋ² cuok⁸ daj⁵ ɲa:m² lǝ:² hǝ:⁵ ma:² cuok⁸ nam² khɔ:j⁵ khɔ:j⁵ ciŋ⁴ cuok⁸ nam²</FORM><W id="TPO_hang_1517581748792_W99"><AREA image="Lai Pao 3 - page 2" shape="rect" coords="111,65,210,126"></AREA><AUDIO start="73.78787866482725" end="74.19238051223607"/><TRANSL xml:lang="vie">mường</TRANSL><FORM kindOf="phone">mɨǝŋ²</FORM></W><W id="TPO_hang_1517581748792_W100"><AREA image="Lai Pao 3 - page 2" shape="rect" coords="208,61,337,125"></AREA><AUDIO start="86.48474220849327" end="86.85553556861804"/><TRANSL xml:lang="vie">chuộc, lấy lại</TRANSL><FORM kindOf="phone">cuok⁸</FORM></W><W id="TPO_hang_1517581748792_W101"><AREA image="Lai Pao 3 - page 2" shape="rect" coords="339,76,404,140"></AREA><AUDIO start="86.87800789347409" end="87.29374590331093"/><TRANSL xml:lang="vie">được</TRANSL><FORM kindOf="phone">daj⁵</FORM></W><W id="TPO_hang_1517581748792_W102"><AREA image="Lai Pao 3 - page 2" shape="rect" coords="400,81,560,120"></AREA><AUDIO start="88.01286029870441" end="88.3499451715451"/><TRANSL xml:lang="vie">(ɲa:m² lǝ:²): khi nào</TRANSL><FORM kindOf="phone">ɲa:m²</FORM></W><W id="TPO_hang_1517581748792_W103"><AREA image="Lai Pao 3 - page 2" shape="rect" coords="547,81,632,140"></AREA><AUDIO start="88.33870900911708" end="88.74321085652592"/><TRANSL xml:lang="vie">(ɲa:m² lǝ:²): khi nào</TRANSL><FORM kindOf="phone">lǝ:²</FORM></W><W id="TPO_hang_1517581748792_W104"><AREA image="Lai Pao 3 - page 2" shape="rect" coords="636,82,750,138"></AREA><AUDIO start="89.3724359524952" end="89.61963152591171"/><TRANSL xml:lang="vie">cho</TRANSL><FORM kindOf="phone">hǝ:⁵</FORM></W><W id="TPO_hang_1517581748792_W105"><AREA image="Lai Pao 3 - page 2" shape="rect" coords="752,83,859,129"></AREA><AUDIO start="89.65334001319577" end="89.97918872360846"/><TRANSL xml:lang="vie">về</TRANSL><FORM kindOf="phone">ma:²</FORM></W><W id="TPO_hang_1517581748792_W106"><AREA image="Lai Pao 3 - page 2" shape="rect" coords="856,65,987,130"></AREA><AUDIO start="90.01289721089252" end="90.2938012715931"/><TRANSL xml:lang="vie">chuộc, lấy lại</TRANSL><FORM kindOf="phone">cuok⁸</FORM></W><W id="TPO_hang_1517581748792_W107"><AREA image="Lai Pao 3 - page 2" shape="rect" coords="987,72,1070,133"></AREA><AUDIO start="90.61964998200575" end="91.06909647912667"/><TRANSL xml:lang="vie">với</TRANSL><FORM kindOf="phone">nam²</FORM></W><W id="TPO_hang_1517581748792_W108"><AREA image="Lai Pao 3 - page 2" shape="rect" coords="1070,77,1190,133"></AREA><AUDIO start="91.33876437739923" end="91.7657385496641"/><TRANSL xml:lang="vie">tôi</TRANSL><FORM kindOf="phone">khɔ:j⁵</FORM></W><W id="TPO_hang_1517581748792_W109"><AREA image="Lai Pao 3 - page 2" shape="rect" coords="1189,84,1312,130"></AREA><AUDIO start="92.8331739803263" end="93.15902269073895"/><TRANSL xml:lang="vie">tôi</TRANSL><FORM kindOf="phone">khɔ:j⁵</FORM></W><W id="TPO_hang_1517581748792_W110"><AREA image="Lai Pao 3 - page 2" shape="rect" coords="1307,59,1412,127"></AREA><AUDIO start="93.17025885316698" end="93.52981605086372"/><TRANSL xml:lang=""></TRANSL><FORM kindOf="phone">ciŋ⁴</FORM></W><W id="TPO_hang_1517581748792_W111"><AREA image="Lai Pao 3 - page 2" shape="rect" coords="1388,71,1538,133"></AREA><AUDIO start="93.50734372600768" end="93.82195627399233"/><TRANSL xml:lang="vie">chuộc</TRANSL><FORM kindOf="phone">cuok⁸</FORM></W><W id="TPO_hang_1517581748792_W112"><AREA image="Lai Pao 3 - page 2" shape="rect" coords="1534,74,1640,141"></AREA><AUDIO start="94.31634742082532" end="94.7433215930902"/><TRANSL xml:lang="vie">với</TRANSL><FORM kindOf="phone">nam²</FORM></W></S><S id="TPO_hang_1517581748792_S8"><AREA image="Lai Pao 3 - page 2" shape="rect" coords="85,150,1252,279"></AREA><AUDIO start="95.36131052663147" end="102.97942865283109"/><TRANSL xml:lang="fra">Père Tun  pour le Conseil. La cession est ainsi notifiée.</TRANSL><TRANSL xml:lang="eng">Father Tun for the Council. The transfer is thus notified.</TRANSL><TRANSL xml:lang="vie">cha Tũn	 cho hàng xã. Việc chuyển nhượng đã được bàn giao.</TRANSL><FORM kindOf="phone">ʔɛŋ⁶ tu:n²  hǝ:⁵ ba:n⁵ hǝ:⁵ mɨǝŋ² tɨ:¹ tǝ:² ja:w¹</FORM><W id="TPO_hang_1517581748792_W114"><AREA image="Lai Pao 3 - page 2" shape="rect" coords="114,190,257,241"></AREA><AUDIO start="95.45119982605566" end="95.76581237404031"/><TRANSL xml:lang="vie">cha</TRANSL><FORM kindOf="phone">ʔɛŋ⁶</FORM></W><W id="TPO_hang_1517581748792_W115"><AREA image="Lai Pao 3 - page 2" shape="rect" coords="255,192,372,254"></AREA><AUDIO start="95.76581237404031" end="96.11413340930902"/><TRANSL xml:lang="vie">Tũn</TRANSL><FORM kindOf="phone">tu:n⁶</FORM></W><W id="TPO_hang_1517581748792_W116"><AREA image="Lai Pao 3 - page 2" shape="rect" coords="370,197,487,248"></AREA><AUDIO start="96.32762049544147" end="96.60852455614203"/><TRANSL xml:lang="vie">cho</TRANSL><FORM kindOf="phone">hǝ:⁵</FORM></W><W id="TPO_hang_1517581748792_W117"><AREA image="Lai Pao 3 - page 2" shape="rect" coords="483,193,655,244"></AREA><AUDIO start="96.61976071857006" end="96.95684559141074"/><TRANSL xml:lang="vie">bản</TRANSL><FORM kindOf="phone">ba:n⁵</FORM></W><W id="TPO_hang_1517581748792_W118"><AREA image="Lai Pao 3 - page 2" shape="rect" coords="652,202,762,251"></AREA><AUDIO start="96.94560942898272" end="97.18156883997119"/><TRANSL xml:lang="vie">cho</TRANSL><FORM kindOf="phone">hǝ:⁵</FORM></W><W id="TPO_hang_1517581748792_W119"><AREA image="Lai Pao 3 - page 2" shape="rect" coords="760,183,870,239"></AREA><AUDIO start="97.1815688399712" end="97.64225149952014"/><TRANSL xml:lang="vie">mường</TRANSL><FORM kindOf="phone">mɨǝŋ²</FORM></W><W id="TPO_hang_1517581748792_W120"><AREA image="Lai Pao 3 - page 2" shape="rect" coords="870,177,921,242"></AREA><AUDIO start="101.83334008517274" end="102.14795263315739"/><TRANSL xml:lang="vie">(tɨ¹ tǝ⁵): chấm hết</TRANSL><FORM kindOf="phone">tɨ:¹</FORM></W><W id="TPO_hang_1517581748792_W121"><AREA image="Lai Pao 3 - page 2" shape="rect" coords="923,197,1021,248"></AREA><AUDIO start="102.15918879558541" end="102.4962736684261"/><TRANSL xml:lang="vie">(tɨ¹ tǝ⁵): chấm hết</TRANSL><FORM kindOf="phone">tǝ:²</FORM></W><W id="TPO_hang_1517581748792_W122"><AREA image="Lai Pao 3 - page 2" shape="rect" coords="1024,179,1252,246"></AREA><AUDIO start="102.4962736684261" end="102.84459470369481"/><TRANSL xml:lang="vie">giao</TRANSL><FORM kindOf="phone">ja:w¹</FORM></W></S><S id="TPO_hang_1517581748792_S9"><AREA image="Lai Pao 3 - page 2" shape="rect" coords="90,444,1235,573"></AREA><AUDIO start="104.24911500719769" end="110.17057260676583"/><TRANSL xml:lang="fra">10ème année [de règne du Roi Thành Thái (1899) 7ème mois lunaire 9ème jour du mois lunaire.</TRANSL><TRANSL xml:lang="eng">10th year [of reign of King Thành Thái (1899) 7th lunar month 9th day of lunar month.</TRANSL><TRANSL xml:lang="vie">Năm Thành Thái thứ mười, tháng bảy, ngày mùng chín.</TRANSL><FORM kindOf="phone">thɛŋ⁵ tha:j¹ thǝp⁸ nien² thǝt⁷ ŋwat⁸ thǝ:⁵ kɨw⁴ ɲǝt⁸</FORM><W id="TPO_hang_1517581748792_W124"><AREA image="Lai Pao 3 - page 2" shape="rect" coords="118,466,255,529"></AREA><AUDIO start="104.3502404690499" end="104.68732534189058"/><TRANSL xml:lang="vie">Thành</TRANSL><FORM kindOf="phone">thɛŋ⁵</FORM></W><W id="TPO_hang_1517581748792_W125"><AREA image="Lai Pao 3 - page 2" shape="rect" coords="258,474,394,528"></AREA><AUDIO start="104.67608917946256" end="105.2266611384357"/><TRANSL xml:lang="vie">Thái</TRANSL><FORM kindOf="phone">tha:j¹</FORM></W><W id="TPO_hang_1517581748792_W126"><AREA image="Lai Pao 3 - page 2" shape="rect" coords="387,466,513,538"></AREA><AUDIO start="105.94577553382918" end="106.14802645753359"/><TRANSL xml:lang="vie">mười</TRANSL><FORM kindOf="phone">thǝp⁸</FORM></W><W id="TPO_hang_1517581748792_W127"><AREA image="Lai Pao 3 - page 2" shape="rect" coords="494,486,665,543"></AREA><AUDIO start="106.15926261996161" end="106.55252830494241"/><TRANSL xml:lang="vie">năm</TRANSL><FORM kindOf="phone">nien²</FORM></W><W id="TPO_hang_1517581748792_W128"><AREA image="Lai Pao 3 - page 2" shape="rect" coords="660,476,768,551"></AREA><AUDIO start="107.65367222288867" end="107.94581244601727"/><TRANSL xml:lang="vie">bảy</TRANSL><FORM kindOf="phone">thǝt⁷</FORM></W><W id="TPO_hang_1517581748792_W129"><AREA image="Lai Pao 3 - page 2" shape="rect" coords="752,497,879,547"></AREA><AUDIO start="107.9682847708733" end="108.44020359285027"/><TRANSL xml:lang="vie">tháng</TRANSL><FORM kindOf="phone">ŋwat⁸</FORM></W><W id="TPO_hang_1517581748792_W130"><AREA image="Lai Pao 3 - page 2" shape="rect" coords="876,480,967,548"></AREA><AUDIO start="108.72110765355085" end="109.22673496281189"/><TRANSL xml:lang="vie">thứ</TRANSL><FORM kindOf="phone">thǝ:⁵</FORM></W><W id="TPO_hang_1517581748792_W131"><AREA image="Lai Pao 3 - page 2" shape="rect" coords="968,461,1089,545"></AREA><AUDIO start="109.5750559980806" end="109.75483459692897"/><TRANSL xml:lang="vie">chín</TRANSL><FORM kindOf="phone">kɨw⁴</FORM></W><W id="TPO_hang_1517581748792_W132"><AREA image="Lai Pao 3 - page 2" shape="rect" coords="1073,473,1213,544"></AREA><AUDIO start="109.75483459692897" end="110.0132663327735"/><TRANSL xml:lang="vie">ngày</TRANSL><FORM kindOf="phone">ɲǝt⁸</FORM></W></S><S id="TPO_hang_1517581748792_S10"><AREA image="Lai Pao 3 - page 2" shape="rect" coords="1049,599,1655,740"></AREA><AUDIO start="111.30542501199615" end="113.5751298224568"/><TRANSL xml:lang="fra">Moi soussigné, le Chef de village Lang Văn Tiến, a signé,</TRANSL><TRANSL xml:lang="eng">I undersigned, Village chief Lang Văn Tiến, have signed,</TRANSL><TRANSL xml:lang="vie">Tôi lý trường Lang Văn Tiến đã kí.</TRANSL><FORM kindOf="phone">khɔ:j⁵ li:⁵ tɨǝŋ⁵ la:ŋ² van² tien¹ ki:⁵</FORM><W id="TPO_hang_1517581748792_W134"><AREA image="Lai Pao 3 - page 2" shape="rect" coords="1072,652,1203,706"></AREA><AUDIO start="111.37284198656428" end="111.68745453454895"/><TRANSL xml:lang="vie">tôi</TRANSL><FORM kindOf="phone">khɔ:j⁵</FORM></W><W id="TPO_hang_1517581748792_W135"><AREA image="Lai Pao 3 - page 2" shape="rect" coords="1193,637,1261,712"></AREA><AUDIO start="111.72116302183301" end="111.97959475767753"/><TRANSL xml:lang="vie">lý</TRANSL><FORM kindOf="phone">li:⁵</FORM></W><W id="TPO_hang_1517581748792_W136"><AREA image="Lai Pao 3 - page 2" shape="rect" coords="1249,646,1318,699"></AREA><AUDIO start="112.02453940738963" end="112.38409660508637"/><TRANSL xml:lang="vie">trưởng</TRANSL><FORM kindOf="phone">tɨǝŋ⁵</FORM></W><W id="TPO_hang_1517581748792_W137"><AREA image="Lai Pao 3 - page 2" shape="rect" coords="1308,651,1401,697"></AREA><AUDIO start="112.42904125479846" end="112.7436538027831"/><TRANSL xml:lang="vie">Lang</TRANSL><FORM kindOf="phone">la:ŋ²</FORM></W><W id="TPO_hang_1517581748792_W138"><AREA image="Lai Pao 3 - page 2" shape="rect" coords="1395,622,1457,696"></AREA><AUDIO start="112.7436538027831" end="112.95714088891553"/><TRANSL xml:lang="vie">Văn</TRANSL><FORM kindOf="phone">van²</FORM></W><W id="TPO_hang_1517581748792_W139"><AREA image="Lai Pao 3 - page 2" shape="rect" coords="1428,654,1561,697"></AREA><AUDIO start="112.95714088891553" end="113.22680878718809"/><TRANSL xml:lang="vie">Tiến</TRANSL><FORM kindOf="phone">tien¹</FORM></W><W id="TPO_hang_1517581748792_W140"><AREA image="Lai Pao 3 - page 2" shape="rect" coords="1560,634,1630,708"></AREA><AUDIO start="113.21557262476007" end="113.55265749760076"/><TRANSL xml:lang="vie">kí</TRANSL><FORM kindOf="phone">ki:⁵</FORM></W></S></TEXT>