<?xml version="1.0" encoding="UTF-8"?>
<!DOCTYPE TEXT SYSTEM "../../Archive_v2.dtd">
<TEXT xmlns="http://crdo.risc.fr/schemas/annotation" xmlns:xsi="http://www.w3.org/2001/XMLSchema-instance" xsi:schemaLocation="http://crdo.risc.fr/schemas/annotation http://cocoon.huma-num.fr/schemas/archive.xsd" id="crdo-TWH_deo_1509202705182" xml:lang=""><HEADER/><S id="TWH_deo_1509202705182_S1"><AREA image="image" shape="rect" coords="107,107,926,198"></AREA><AUDIO start="0" end="0"/><TRANSL xml:lang="fra">Quel jour est-il bon pour s'occuper de ses cheveux ?</TRANSL><TRANSL xml:lang="eng">Which day is it good for hair care ?</TRANSL><FORM kindOf="transliter">an niz haa muz di aab kawz hvi hwo</FORM><W id="TWH_deo_1509202705182_W2"><AREA image="image" shape="rect" coords="113,103,237,202"></AREA><AUDIO start="0" end="0"/><TRANSL xml:lang=""></TRANSL><FORM kindOf="transliter">an</FORM></W><W id="TWH_deo_1509202705182_W3"><AREA image="image" shape="rect" coords="231,104,294,205"></AREA><AUDIO start="0" end="0"/><TRANSL xml:lang=""></TRANSL><FORM kindOf="transliter">niz</FORM></W><W id="TWH_deo_1509202705182_W4"><AREA image="image" shape="rect" coords="282,134,361,198"></AREA><AUDIO start="0" end="0"/><TRANSL xml:lang=""></TRANSL><FORM kindOf="transliter">haa</FORM></W><W id="TWH_deo_1509202705182_W5"><AREA image="image" shape="rect" coords="364,105,439,194"></AREA><AUDIO start="0" end="0"/><TRANSL xml:lang=""></TRANSL><FORM kindOf="transliter">muz</FORM></W><W id="TWH_deo_1509202705182_W6"><AREA image="image" shape="rect" coords="439,111,518,186"></AREA><AUDIO start="0" end="0"/><TRANSL xml:lang=""></TRANSL><FORM kindOf="transliter">di</FORM></W><W id="TWH_deo_1509202705182_W7"><AREA image="image" shape="rect" coords="523,114,624,199"></AREA><AUDIO start="0" end="0"/><TRANSL xml:lang=""></TRANSL><FORM kindOf="transliter">aab</FORM></W><W id="TWH_deo_1509202705182_W8"><AREA image="image" shape="rect" coords="612,144,705,192"></AREA><AUDIO start="0" end="0"/><TRANSL xml:lang=""></TRANSL><FORM kindOf="transliter">kawz</FORM></W><W id="TWH_deo_1509202705182_W9"><AREA image="image" shape="rect" coords="711,112,810,192"></AREA><AUDIO start="0" end="0"/><TRANSL xml:lang=""></TRANSL><FORM kindOf="transliter">hvi</FORM></W><W id="TWH_deo_1509202705182_W10"><AREA image="image" shape="rect" coords="811,116,914,191"></AREA><AUDIO start="0" end="0"/><TRANSL xml:lang=""></TRANSL><FORM kindOf="transliter">hwo</FORM></W></S><S id="TWH_deo_1509202705182_S2"><AREA image="image" shape="rect" coords="77,1134,412,1206"></AREA><AUDIO start="0" end="0"/><TRANSL xml:lang="fra">le premier jour (du mois) courte vie</TRANSL><TRANSL xml:lang="eng">the first day (of the month) short life</TRANSL><FORM kindOf="transliter">q'amx nungx hminx tinz</FORM><W id="TWH_deo_1509202705182_W12"><AREA image="image" shape="rect" coords="116,1129,408,1202"></AREA><AUDIO start="0" end="0"/><TRANSL xml:lang=""></TRANSL><FORM kindOf="transliter">q'amx</FORM></W><W id="TWH_deo_1509202705182_W13"><AREA image="image" shape="rect" coords="116,1129,408,1202"></AREA><AUDIO start="0" end="0"/><TRANSL xml:lang=""></TRANSL><FORM kindOf="transliter">nungx</FORM></W><W id="TWH_deo_1509202705182_W14"><AREA image="image" shape="rect" coords="116,1129,408,1202"></AREA><AUDIO start="0" end="0"/><TRANSL xml:lang=""></TRANSL><FORM kindOf="transliter">hminx</FORM></W><W id="TWH_deo_1509202705182_W15"><AREA image="image" shape="rect" coords="116,1129,408,1202"></AREA><AUDIO start="0" end="0"/><TRANSL xml:lang=""></TRANSL><FORM kindOf="transliter">tinz</FORM></W></S><S id="TWH_deo_1509202705182_S3"><AREA image="image" shape="rect" coords="76,1196,397,1265"></AREA><AUDIO start="0" end="0"/><TRANSL xml:lang="fra">le second jour (du mois) est très bien</TRANSL><TRANSL xml:lang="eng">the second day (of the month) is very good</TRANSL><FORM kindOf="transliter">q'amx song di hlaai</FORM><W id="TWH_deo_1509202705182_W17"><AREA image="image" shape="rect" coords="140,1198,399,1261"></AREA><AUDIO start="0" end="0"/><TRANSL xml:lang=""></TRANSL><FORM kindOf="transliter">q'amx</FORM></W><W id="TWH_deo_1509202705182_W18"><AREA image="image" shape="rect" coords="140,1198,399,1261"></AREA><AUDIO start="0" end="0"/><TRANSL xml:lang=""></TRANSL><FORM kindOf="transliter">song</FORM></W><W id="TWH_deo_1509202705182_W19"><AREA image="image" shape="rect" coords="140,1198,399,1261"></AREA><AUDIO start="0" end="0"/><TRANSL xml:lang=""></TRANSL><FORM kindOf="transliter">di</FORM></W><W id="TWH_deo_1509202705182_W20"><AREA image="image" shape="rect" coords="140,1198,399,1261"></AREA><AUDIO start="0" end="0"/><TRANSL xml:lang=""></TRANSL><FORM kindOf="transliter">hlaai</FORM></W></S><S id="TWH_deo_1509202705182_S4"><AREA image="image" shape="rect" coords="76,1234,399,1305"></AREA><AUDIO start="0" end="0"/><TRANSL xml:lang="fra">mettre une ceinture(?) c'est bien</TRANSL><TRANSL xml:lang="eng"></TRANSL><FORM kindOf="transliter">rangz mi di</FORM><W id="TWH_deo_1509202705182_W22"><AREA image="image" shape="rect" coords="140,1238,391,1290"></AREA><AUDIO start="0" end="0"/><TRANSL xml:lang=""></TRANSL><FORM kindOf="transliter">rangz</FORM></W><W id="TWH_deo_1509202705182_W23"><AREA image="image" shape="rect" coords="140,1238,391,1290"></AREA><AUDIO start="0" end="0"/><TRANSL xml:lang=""></TRANSL><FORM kindOf="transliter">mi</FORM></W><W id="TWH_deo_1509202705182_W24"><AREA image="image" shape="rect" coords="140,1238,391,1290"></AREA><AUDIO start="0" end="0"/><TRANSL xml:lang=""></TRANSL><FORM kindOf="transliter">di</FORM></W></S><S id="TWH_deo_1509202705182_S5"><AREA image="image" shape="rect" coords="82,1282,425,1379"></AREA><AUDIO start="0" end="0"/><TRANSL xml:lang="fra">?</TRANSL><TRANSL xml:lang="eng"></TRANSL><FORM kindOf="transliter">thaix hnoe hnang</FORM><W id="TWH_deo_1509202705182_W26"><AREA image="image" shape="rect" coords="148,1283,422,1370"></AREA><AUDIO start="0" end="0"/><TRANSL xml:lang=""></TRANSL><FORM kindOf="transliter">thaix</FORM></W><W id="TWH_deo_1509202705182_W27"><AREA image="image" shape="rect" coords="148,1283,422,1370"></AREA><AUDIO start="0" end="0"/><TRANSL xml:lang=""></TRANSL><FORM kindOf="transliter">hnoe</FORM></W><W id="TWH_deo_1509202705182_W28"><AREA image="image" shape="rect" coords="148,1283,422,1370"></AREA><AUDIO start="0" end="0"/><TRANSL xml:lang=""></TRANSL><FORM kindOf="transliter">hnang</FORM></W></S><S id="TWH_deo_1509202705182_S6"><AREA image="image" shape="rect" coords="89,1350,397,1426"></AREA><AUDIO start="0" end="0"/><TRANSL xml:lang="fra">les cheveux tombent</TRANSL><TRANSL xml:lang="eng">hair fall</TRANSL><FORM kindOf="transliter">phoum hlounx</FORM><W id="TWH_deo_1509202705182_W30"><AREA image="image" shape="rect" coords="89,1350,397,1426"></AREA><AUDIO start="0" end="0"/><TRANSL xml:lang=""></TRANSL><FORM kindOf="transliter">phoum</FORM></W><W id="TWH_deo_1509202705182_W31"><AREA image="image" shape="rect" coords="89,1350,397,1426"></AREA><AUDIO start="0" end="0"/><TRANSL xml:lang=""></TRANSL><FORM kindOf="transliter">hlounx</FORM></W></S><S id="TWH_deo_1509202705182_S7"><AREA image="image" shape="rect" coords="86,1415,357,1469"></AREA><AUDIO start="0" end="0"/><TRANSL xml:lang="fra">il y a un hôte/invité (qui va venir)</TRANSL><TRANSL xml:lang="eng">there is a host (who will come)</TRANSL><FORM kindOf="transliter">mi khex</FORM><W id="TWH_deo_1509202705182_W33"><AREA image="image" shape="rect" coords="142,1410,361,1465"></AREA><AUDIO start="0" end="0"/><TRANSL xml:lang=""></TRANSL><FORM kindOf="transliter">mi</FORM></W><W id="TWH_deo_1509202705182_W34"><AREA image="image" shape="rect" coords="142,1410,361,1465"></AREA><AUDIO start="0" end="0"/><TRANSL xml:lang=""></TRANSL><FORM kindOf="transliter">khex</FORM></W></S><S id="TWH_deo_1509202705182_S8"><AREA image="image" shape="rect" coords="71,1450,424,1555"></AREA><AUDIO start="0" end="0"/><TRANSL xml:lang="fra">?</TRANSL><TRANSL xml:lang="eng">?</TRANSL><FORM kindOf="transliter">mi cuk mi kuenx</FORM><W id="TWH_deo_1509202705182_W36"><AREA image="image" shape="rect" coords="71,1450,424,1555"></AREA><AUDIO start="0" end="0"/><TRANSL xml:lang=""></TRANSL><FORM kindOf="transliter">mi</FORM></W><W id="TWH_deo_1509202705182_W37"><AREA image="image" shape="rect" coords="71,1450,424,1555"></AREA><AUDIO start="0" end="0"/><TRANSL xml:lang=""></TRANSL><FORM kindOf="transliter">cuk</FORM></W><W id="TWH_deo_1509202705182_W38"><AREA image="image" shape="rect" coords="71,1450,424,1555"></AREA><AUDIO start="0" end="0"/><TRANSL xml:lang=""></TRANSL><FORM kindOf="transliter">mi</FORM></W><W id="TWH_deo_1509202705182_W39"><AREA image="image" shape="rect" coords="71,1450,424,1555"></AREA><AUDIO start="0" end="0"/><TRANSL xml:lang=""></TRANSL><FORM kindOf="transliter">kuenx</FORM></W></S><S id="TWH_deo_1509202705182_S9"><AREA image="image" shape="rect" coords="439,924,713,990"></AREA><AUDIO start="0" end="0"/><TRANSL xml:lang="fra">longue et bonne vie</TRANSL><TRANSL xml:lang="eng">long and good life</TRANSL><FORM kindOf="transliter">hminx ri di</FORM><W id="TWH_deo_1509202705182_W41"><AREA image="image" shape="rect" coords="439,924,713,990"></AREA><AUDIO start="0" end="0"/><TRANSL xml:lang=""></TRANSL><FORM kindOf="transliter">hminx</FORM></W><W id="TWH_deo_1509202705182_W42"><AREA image="image" shape="rect" coords="439,924,713,990"></AREA><AUDIO start="0" end="0"/><TRANSL xml:lang=""></TRANSL><FORM kindOf="transliter">ri</FORM></W><W id="TWH_deo_1509202705182_W43"><AREA image="image" shape="rect" coords="439,924,713,990"></AREA><AUDIO start="0" end="0"/><TRANSL xml:lang=""></TRANSL><FORM kindOf="transliter">di</FORM></W></S><S id="TWH_deo_1509202705182_S10"><AREA image="image" shape="rect" coords="431,984,718,1047"></AREA><AUDIO start="0" end="0"/><TRANSL xml:lang="fra">Bonne vertu</TRANSL><TRANSL xml:lang="eng">Good virtue</TRANSL><FORM kindOf="transliter">mi hneed di</FORM><W id="TWH_deo_1509202705182_W45"><AREA image="image" shape="rect" coords="431,984,718,1047"></AREA><AUDIO start="0" end="0"/><TRANSL xml:lang=""></TRANSL><FORM kindOf="transliter">mi</FORM></W><W id="TWH_deo_1509202705182_W46"><AREA image="image" shape="rect" coords="431,984,718,1047"></AREA><AUDIO start="0" end="0"/><TRANSL xml:lang=""></TRANSL><FORM kindOf="transliter">hneed</FORM></W><W id="TWH_deo_1509202705182_W47"><AREA image="image" shape="rect" coords="431,984,718,1047"></AREA><AUDIO start="0" end="0"/><TRANSL xml:lang=""></TRANSL><FORM kindOf="transliter">di</FORM></W></S><S id="TWH_deo_1509202705182_S11"><AREA image="image" shape="rect" coords="429,1031,718,1108"></AREA><AUDIO start="0" end="0"/><TRANSL xml:lang="fra">? reconnaissance</TRANSL><TRANSL xml:lang="eng">? gratefulness</TRANSL><FORM kindOf="transliter">mi cuk mi koung</FORM><W id="TWH_deo_1509202705182_W49"><AREA image="image" shape="rect" coords="429,1031,718,1108"></AREA><AUDIO start="0" end="0"/><TRANSL xml:lang=""></TRANSL><FORM kindOf="transliter">mi</FORM></W><W id="TWH_deo_1509202705182_W50"><AREA image="image" shape="rect" coords="429,1031,718,1108"></AREA><AUDIO start="0" end="0"/><TRANSL xml:lang=""></TRANSL><FORM kindOf="transliter">cuk</FORM></W><W id="TWH_deo_1509202705182_W51"><AREA image="image" shape="rect" coords="429,1031,718,1108"></AREA><AUDIO start="0" end="0"/><TRANSL xml:lang=""></TRANSL><FORM kindOf="transliter">mi</FORM></W><W id="TWH_deo_1509202705182_W52"><AREA image="image" shape="rect" coords="429,1031,718,1108"></AREA><AUDIO start="0" end="0"/><TRANSL xml:lang=""></TRANSL><FORM kindOf="transliter">koung</FORM></W></S><S id="TWH_deo_1509202705182_S12"><AREA image="image" shape="rect" coords="432,1093,710,1164"></AREA><AUDIO start="0" end="0"/><TRANSL xml:lang="fra">oeil éclairé ?</TRANSL><TRANSL xml:lang="eng">bright eyes ?</TRANSL><FORM kindOf="transliter">taa roungx</FORM><W id="TWH_deo_1509202705182_W54"><AREA image="image" shape="rect" coords="432,1093,710,1164"></AREA><AUDIO start="0" end="0"/><TRANSL xml:lang=""></TRANSL><FORM kindOf="transliter">taa</FORM></W><W id="TWH_deo_1509202705182_W55"><AREA image="image" shape="rect" coords="432,1093,710,1164"></AREA><AUDIO start="0" end="0"/><TRANSL xml:lang=""></TRANSL><FORM kindOf="transliter">roungx</FORM></W></S><S id="TWH_deo_1509202705182_S13"><AREA image="image" shape="rect" coords="428,1152,723,1228"></AREA><AUDIO start="0" end="0"/><TRANSL xml:lang="fra">beaucoup de douleur</TRANSL><TRANSL xml:lang="eng">a lot of pain</TRANSL><FORM kindOf="transliter">ceeb chaiz hlaai</FORM><W id="TWH_deo_1509202705182_W57"><AREA image="image" shape="rect" coords="428,1152,723,1228"></AREA><AUDIO start="0" end="0"/><TRANSL xml:lang=""></TRANSL><FORM kindOf="transliter">ceeb</FORM></W><W id="TWH_deo_1509202705182_W58"><AREA image="image" shape="rect" coords="428,1152,723,1228"></AREA><AUDIO start="0" end="0"/><TRANSL xml:lang=""></TRANSL><FORM kindOf="transliter">chaiz</FORM></W><W id="TWH_deo_1509202705182_W59"><AREA image="image" shape="rect" coords="428,1152,723,1228"></AREA><AUDIO start="0" end="0"/><TRANSL xml:lang=""></TRANSL><FORM kindOf="transliter">hlaai</FORM></W></S><S id="TWH_deo_1509202705182_S14"><AREA image="image" shape="rect" coords="424,1213,725,1269"></AREA><AUDIO start="0" end="0"/><TRANSL xml:lang="fra">bonne vertu</TRANSL><TRANSL xml:lang="eng">good virtue</TRANSL><FORM kindOf="transliter">mi hneed di</FORM><W id="TWH_deo_1509202705182_W61"><AREA image="image" shape="rect" coords="424,1213,725,1269"></AREA><AUDIO start="0" end="0"/><TRANSL xml:lang=""></TRANSL><FORM kindOf="transliter">mi</FORM></W><W id="TWH_deo_1509202705182_W62"><AREA image="image" shape="rect" coords="424,1213,725,1269"></AREA><AUDIO start="0" end="0"/><TRANSL xml:lang=""></TRANSL><FORM kindOf="transliter">hneed</FORM></W><W id="TWH_deo_1509202705182_W63"><AREA image="image" shape="rect" coords="424,1213,725,1269"></AREA><AUDIO start="0" end="0"/><TRANSL xml:lang=""></TRANSL><FORM kindOf="transliter">di</FORM></W></S><S id="TWH_deo_1509202705182_S15"><AREA image="image" shape="rect" coords="427,1263,714,1333"></AREA><AUDIO start="0" end="0"/><TRANSL xml:lang="fra">gain d'argent</TRANSL><TRANSL xml:lang="eng">earn money</TRANSL><FORM kindOf="transliter">haa daiz ngun</FORM><W id="TWH_deo_1509202705182_W65"><AREA image="image" shape="rect" coords="427,1263,714,1333"></AREA><AUDIO start="0" end="0"/><TRANSL xml:lang=""></TRANSL><FORM kindOf="transliter">haa</FORM></W><W id="TWH_deo_1509202705182_W66"><AREA image="image" shape="rect" coords="427,1263,714,1333"></AREA><AUDIO start="0" end="0"/><TRANSL xml:lang=""></TRANSL><FORM kindOf="transliter">daiz</FORM></W><W id="TWH_deo_1509202705182_W67"><AREA image="image" shape="rect" coords="427,1263,714,1333"></AREA><AUDIO start="0" end="0"/><TRANSL xml:lang=""></TRANSL><FORM kindOf="transliter">ngun</FORM></W></S><S id="TWH_deo_1509202705182_S16"><AREA image="image" shape="rect" coords="411,1324,722,1395"></AREA><AUDIO start="0" end="0"/><TRANSL xml:lang="fra">vous serez très bon</TRANSL><TRANSL xml:lang="eng">you will be very good</TRANSL><FORM kindOf="transliter">cawz di hlaai</FORM><W id="TWH_deo_1509202705182_W69"><AREA image="image" shape="rect" coords="411,1324,722,1395"></AREA><AUDIO start="0" end="0"/><TRANSL xml:lang=""></TRANSL><FORM kindOf="transliter">cawz</FORM></W><W id="TWH_deo_1509202705182_W70"><AREA image="image" shape="rect" coords="411,1324,722,1395"></AREA><AUDIO start="0" end="0"/><TRANSL xml:lang=""></TRANSL><FORM kindOf="transliter">di</FORM></W><W id="TWH_deo_1509202705182_W71"><AREA image="image" shape="rect" coords="411,1324,722,1395"></AREA><AUDIO start="0" end="0"/><TRANSL xml:lang=""></TRANSL><FORM kindOf="transliter">hlaai</FORM></W></S><S id="TWH_deo_1509202705182_S17"><AREA image="image" shape="rect" coords="423,1370,711,1444"></AREA><AUDIO start="0" end="0"/><TRANSL xml:lang="fra">c'est un mauvais jour</TRANSL><TRANSL xml:lang="eng">it is a bad day</TRANSL><FORM kindOf="transliter">muz bawx di</FORM><W id="TWH_deo_1509202705182_W73"><AREA image="image" shape="rect" coords="423,1370,711,1444"></AREA><AUDIO start="0" end="0"/><TRANSL xml:lang=""></TRANSL><FORM kindOf="transliter">muz</FORM></W><W id="TWH_deo_1509202705182_W74"><AREA image="image" shape="rect" coords="423,1370,711,1444"></AREA><AUDIO start="0" end="0"/><TRANSL xml:lang=""></TRANSL><FORM kindOf="transliter">bawx</FORM></W><W id="TWH_deo_1509202705182_W75"><AREA image="image" shape="rect" coords="423,1370,711,1444"></AREA><AUDIO start="0" end="0"/><TRANSL xml:lang=""></TRANSL><FORM kindOf="transliter">di</FORM></W></S><S id="TWH_deo_1509202705182_S18"><AREA image="image" shape="rect" coords="414,1424,707,1504"></AREA><AUDIO start="0" end="0"/><TRANSL xml:lang="fra">?</TRANSL><TRANSL xml:lang="eng">?</TRANSL><FORM kindOf="transliter">jaaz k'awz faaz</FORM><W id="TWH_deo_1509202705182_W77"><AREA image="image" shape="rect" coords="414,1424,707,1504"></AREA><AUDIO start="0" end="0"/><TRANSL xml:lang=""></TRANSL><FORM kindOf="transliter">jaaz</FORM></W><W id="TWH_deo_1509202705182_W78"><AREA image="image" shape="rect" coords="414,1424,707,1504"></AREA><AUDIO start="0" end="0"/><TRANSL xml:lang=""></TRANSL><FORM kindOf="transliter">k'awz</FORM></W><W id="TWH_deo_1509202705182_W79"><AREA image="image" shape="rect" coords="414,1424,707,1504"></AREA><AUDIO start="0" end="0"/><TRANSL xml:lang=""></TRANSL><FORM kindOf="transliter">faaz</FORM></W></S><S id="TWH_deo_1509202705182_S19"><AREA image="image" shape="rect" coords="419,1486,732,1556"></AREA><AUDIO start="0" end="0"/><TRANSL xml:lang="fra">quelqu'un vous volera</TRANSL><TRANSL xml:lang="eng">someone will steal from you</TRANSL><FORM kindOf="transliter">qoun cix lak k'ong</FORM><W id="TWH_deo_1509202705182_W81"><AREA image="image" shape="rect" coords="419,1486,732,1556"></AREA><AUDIO start="0" end="0"/><TRANSL xml:lang=""></TRANSL><FORM kindOf="transliter">qoun</FORM></W><W id="TWH_deo_1509202705182_W82"><AREA image="image" shape="rect" coords="419,1486,732,1556"></AREA><AUDIO start="0" end="0"/><TRANSL xml:lang=""></TRANSL><FORM kindOf="transliter">cix</FORM></W><W id="TWH_deo_1509202705182_W83"><AREA image="image" shape="rect" coords="419,1486,732,1556"></AREA><AUDIO start="0" end="0"/><TRANSL xml:lang=""></TRANSL><FORM kindOf="transliter">lak</FORM></W><W id="TWH_deo_1509202705182_W84"><AREA image="image" shape="rect" coords="419,1486,732,1556"></AREA><AUDIO start="0" end="0"/><TRANSL xml:lang=""></TRANSL><FORM kindOf="transliter">k'ong</FORM></W></S><S id="TWH_deo_1509202705182_S20"><AREA image="image" shape="rect" coords="712,923,960,990"></AREA><AUDIO start="0" end="0"/><TRANSL xml:lang="fra">pas bien</TRANSL><TRANSL xml:lang="eng">not good</TRANSL><FORM kindOf="transliter">bawx di</FORM><W id="TWH_deo_1509202705182_W86"><AREA image="image" shape="rect" coords="712,923,960,990"></AREA><AUDIO start="0" end="0"/><TRANSL xml:lang=""></TRANSL><FORM kindOf="transliter">bawx</FORM></W><W id="TWH_deo_1509202705182_W87"><AREA image="image" shape="rect" coords="712,923,960,990"></AREA><AUDIO start="0" end="0"/><TRANSL xml:lang=""></TRANSL><FORM kindOf="transliter">di</FORM></W></S><S id="TWH_deo_1509202705182_S21"><AREA image="image" shape="rect" coords="713,986,962,1044"></AREA><AUDIO start="0" end="0"/><TRANSL xml:lang="fra">vous serez pauvre</TRANSL><TRANSL xml:lang="eng">you will be poor</TRANSL><FORM kindOf="transliter">cawz khoz</FORM><W id="TWH_deo_1509202705182_W89"><AREA image="image" shape="rect" coords="713,986,962,1044"></AREA><AUDIO start="0" end="0"/><TRANSL xml:lang=""></TRANSL><FORM kindOf="transliter">cawz</FORM></W><W id="TWH_deo_1509202705182_W90"><AREA image="image" shape="rect" coords="713,986,962,1044"></AREA><AUDIO start="0" end="0"/><TRANSL xml:lang=""></TRANSL><FORM kindOf="transliter">khoz</FORM></W></S><S id="TWH_deo_1509202705182_S22"><AREA image="image" shape="rect" coords="719,1029,975,1109"></AREA><AUDIO start="0" end="0"/><TRANSL xml:lang="fra">très malade</TRANSL><TRANSL xml:lang="eng">very sick</TRANSL><FORM kindOf="transliter">chaiz hlaai</FORM><W id="TWH_deo_1509202705182_W92"><AREA image="image" shape="rect" coords="719,1029,975,1109"></AREA><AUDIO start="0" end="0"/><TRANSL xml:lang=""></TRANSL><FORM kindOf="transliter">chaiz</FORM></W><W id="TWH_deo_1509202705182_W93"><AREA image="image" shape="rect" coords="719,1029,975,1109"></AREA><AUDIO start="0" end="0"/><TRANSL xml:lang=""></TRANSL><FORM kindOf="transliter">hlaai</FORM></W></S><S id="TWH_deo_1509202705182_S23"><AREA image="image" shape="rect" coords="715,1088,966,1153"></AREA><AUDIO start="0" end="0"/><TRANSL xml:lang="fra">très bien</TRANSL><TRANSL xml:lang="eng">very good</TRANSL><FORM kindOf="transliter">di hlaai</FORM><W id="TWH_deo_1509202705182_W95"><AREA image="image" shape="rect" coords="715,1088,966,1153"></AREA><AUDIO start="0" end="0"/><TRANSL xml:lang=""></TRANSL><FORM kindOf="transliter">di</FORM></W><W id="TWH_deo_1509202705182_W96"><AREA image="image" shape="rect" coords="715,1088,966,1153"></AREA><AUDIO start="0" end="0"/><TRANSL xml:lang=""></TRANSL><FORM kindOf="transliter">hlaai</FORM></W></S><S id="TWH_deo_1509202705182_S24"><AREA image="image" shape="rect" coords="713,1131,957,1187"></AREA><AUDIO start="0" end="0"/><TRANSL xml:lang="fra">c'est bien aussi</TRANSL><TRANSL xml:lang="eng">it is also good </TRANSL><FORM kindOf="transliter">qoz di</FORM><W id="TWH_deo_1509202705182_W98"><AREA image="image" shape="rect" coords="713,1131,957,1187"></AREA><AUDIO start="0" end="0"/><TRANSL xml:lang=""></TRANSL><FORM kindOf="transliter">qoz</FORM></W><W id="TWH_deo_1509202705182_W99"><AREA image="image" shape="rect" coords="713,1131,957,1187"></AREA><AUDIO start="0" end="0"/><TRANSL xml:lang=""></TRANSL><FORM kindOf="transliter">di</FORM></W></S><S id="TWH_deo_1509202705182_S25"><AREA image="image" shape="rect" coords="718,1175,981,1254"></AREA><AUDIO start="0" end="0"/><TRANSL xml:lang="fra">?</TRANSL><TRANSL xml:lang="eng">?</TRANSL><FORM kindOf="transliter">mi thoi mi q'aam</FORM><W id="TWH_deo_1509202705182_W101"><AREA image="image" shape="rect" coords="718,1175,981,1254"></AREA><AUDIO start="0" end="0"/><TRANSL xml:lang=""></TRANSL><FORM kindOf="transliter">mi</FORM></W><W id="TWH_deo_1509202705182_W102"><AREA image="image" shape="rect" coords="718,1175,981,1254"></AREA><AUDIO start="0" end="0"/><TRANSL xml:lang=""></TRANSL><FORM kindOf="transliter">thoi</FORM></W><W id="TWH_deo_1509202705182_W103"><AREA image="image" shape="rect" coords="718,1175,981,1254"></AREA><AUDIO start="0" end="0"/><TRANSL xml:lang=""></TRANSL><FORM kindOf="transliter">mi</FORM></W><W id="TWH_deo_1509202705182_W104"><AREA image="image" shape="rect" coords="718,1175,981,1254"></AREA><AUDIO start="0" end="0"/><TRANSL xml:lang=""></TRANSL><FORM kindOf="transliter">q'aam</FORM></W></S><S id="TWH_deo_1509202705182_S26"><AREA image="image" shape="rect" coords="713,1224,970,1287"></AREA><AUDIO start="0" end="0"/><TRANSL xml:lang="fra">?</TRANSL><TRANSL xml:lang="eng">?</TRANSL><FORM kindOf="transliter">taa mwo</FORM><W id="TWH_deo_1509202705182_W106"><AREA image="image" shape="rect" coords="713,1224,970,1287"></AREA><AUDIO start="0" end="0"/><TRANSL xml:lang=""></TRANSL><FORM kindOf="transliter">taa</FORM></W><W id="TWH_deo_1509202705182_W107"><AREA image="image" shape="rect" coords="713,1224,970,1287"></AREA><AUDIO start="0" end="0"/><TRANSL xml:lang=""></TRANSL><FORM kindOf="transliter">mwo</FORM></W></S><S id="TWH_deo_1509202705182_S27"><AREA image="image" shape="rect" coords="712,1264,943,1328"></AREA><AUDIO start="0" end="0"/><TRANSL xml:lang="fra">très bien</TRANSL><TRANSL xml:lang="eng">very good</TRANSL><FORM kindOf="transliter">di hlaai</FORM><W id="TWH_deo_1509202705182_W109"><AREA image="image" shape="rect" coords="712,1264,943,1328"></AREA><AUDIO start="0" end="0"/><TRANSL xml:lang=""></TRANSL><FORM kindOf="transliter">di</FORM></W><W id="TWH_deo_1509202705182_W110"><AREA image="image" shape="rect" coords="712,1264,943,1328"></AREA><AUDIO start="0" end="0"/><TRANSL xml:lang=""></TRANSL><FORM kindOf="transliter">hlaai</FORM></W></S><S id="TWH_deo_1509202705182_S28"><AREA image="image" shape="rect" coords="711,1296,962,1369"></AREA><AUDIO start="0" end="0"/><TRANSL xml:lang="fra">très bien</TRANSL><TRANSL xml:lang="eng">very good</TRANSL><FORM kindOf="transliter">di hlaai</FORM><W id="TWH_deo_1509202705182_W112"><AREA image="image" shape="rect" coords="711,1296,962,1369"></AREA><AUDIO start="0" end="0"/><TRANSL xml:lang=""></TRANSL><FORM kindOf="transliter">di</FORM></W><W id="TWH_deo_1509202705182_W113"><AREA image="image" shape="rect" coords="711,1296,962,1369"></AREA><AUDIO start="0" end="0"/><TRANSL xml:lang=""></TRANSL><FORM kindOf="transliter">hlaai</FORM></W></S><S id="TWH_deo_1509202705182_S29"><AREA image="image" shape="rect" coords="713,1347,979,1411"></AREA><AUDIO start="0" end="0"/><TRANSL xml:lang="fra">?</TRANSL><TRANSL xml:lang="eng">?</TRANSL><FORM kindOf="transliter">tawx q'waam kan</FORM><W id="TWH_deo_1509202705182_W115"><AREA image="image" shape="rect" coords="713,1347,979,1411"></AREA><AUDIO start="0" end="0"/><TRANSL xml:lang=""></TRANSL><FORM kindOf="transliter">tawx</FORM></W><W id="TWH_deo_1509202705182_W116"><AREA image="image" shape="rect" coords="713,1347,979,1411"></AREA><AUDIO start="0" end="0"/><TRANSL xml:lang=""></TRANSL><FORM kindOf="transliter">q'waam</FORM></W><W id="TWH_deo_1509202705182_W117"><AREA image="image" shape="rect" coords="713,1347,979,1411"></AREA><AUDIO start="0" end="0"/><TRANSL xml:lang=""></TRANSL><FORM kindOf="transliter">kan</FORM></W></S><S id="TWH_deo_1509202705182_S30"><AREA image="image" shape="rect" coords="707,1399,936,1470"></AREA><AUDIO start="0" end="0"/><TRANSL xml:lang="fra">très bien</TRANSL><TRANSL xml:lang="eng">very good</TRANSL><FORM kindOf="transliter">di hlaai</FORM><W id="TWH_deo_1509202705182_W119"><AREA image="image" shape="rect" coords="707,1399,936,1470"></AREA><AUDIO start="0" end="0"/><TRANSL xml:lang=""></TRANSL><FORM kindOf="transliter">di</FORM></W><W id="TWH_deo_1509202705182_W120"><AREA image="image" shape="rect" coords="707,1399,936,1470"></AREA><AUDIO start="0" end="0"/><TRANSL xml:lang=""></TRANSL><FORM kindOf="transliter">hlaai</FORM></W></S><S id="TWH_deo_1509202705182_S31"><AREA image="image" shape="rect" coords="719,1456,961,1587"></AREA><AUDIO start="0" end="0"/><TRANSL xml:lang="fra">rencontre avec un mauvais esprit ?</TRANSL><TRANSL xml:lang="eng">encounter with a bad spirit ?</TRANSL><FORM kindOf="transliter">pai haa phi bawx di</FORM><W id="TWH_deo_1509202705182_W122"><AREA image="image" shape="rect" coords="719,1456,961,1587"></AREA><AUDIO start="0" end="0"/><TRANSL xml:lang=""></TRANSL><FORM kindOf="transliter">pai</FORM></W><W id="TWH_deo_1509202705182_W123"><AREA image="image" shape="rect" coords="719,1456,961,1587"></AREA><AUDIO start="0" end="0"/><TRANSL xml:lang=""></TRANSL><FORM kindOf="transliter">haa</FORM></W><W id="TWH_deo_1509202705182_W124"><AREA image="image" shape="rect" coords="719,1456,961,1587"></AREA><AUDIO start="0" end="0"/><TRANSL xml:lang=""></TRANSL><FORM kindOf="transliter">phi</FORM></W><W id="TWH_deo_1509202705182_W125"><AREA image="image" shape="rect" coords="719,1456,961,1587"></AREA><AUDIO start="0" end="0"/><TRANSL xml:lang=""></TRANSL><FORM kindOf="transliter">bawx</FORM></W><W id="TWH_deo_1509202705182_W126"><AREA image="image" shape="rect" coords="719,1456,961,1587"></AREA><AUDIO start="0" end="0"/><TRANSL xml:lang=""></TRANSL><FORM kindOf="transliter">di</FORM></W></S></TEXT>