<?xml version="1.0" encoding="UTF-8"?>
<!DOCTYPE TEXT SYSTEM "../../Archive_v2.dtd">
<TEXT xmlns="http://crdo.risc.fr/schemas/annotation" xmlns:xsi="http://www.w3.org/2001/XMLSchema-instance" xsi:schemaLocation="http://crdo.risc.fr/schemas/annotation http://cocoon.huma-num.fr/schemas/archive.xsd" id="crdo-TPO_hang_1511432754449" xml:lang=""><HEADER/><S id="TPO_hang_1511432754449_S1"><AREA image="Lai Pao 1-p1" shape="rect" coords="104,188,1573,347"></AREA><AUDIO start="35.85795201442915" end="48.25506685149989"/><TRANSL xml:lang="fra">Arr. de Tương Dương, Dist. de Hội Nguyên, Cant. de Bảo Yên, Com. de Sơn Vi</TRANSL><TRANSL xml:lang="eng">Tương Dương prefecture, District of Hội Nguyên, Bảo Yên, Sơn Vi</TRANSL><TRANSL xml:lang="vie">Phủ Tương Dương, huyện Hội Nguyên, tổng Bảo Yên, xã Sơn Vi</TRANSL><FORM kindOf="phone">tɨəŋ² lɨəŋ² fuː⁴ hoːj⁶ ŋwien² vien⁶ baːw⁴ ʔien² soŋ⁴ səːn¹ viː⁵</FORM><W id="TPO_hang_1511432754449_W2"><AREA image="Lai Pao 1-p1" shape="rect" coords="137,216,241,317"></AREA><AUDIO start="35.91185131556964" end="36.598445314121676"/><TRANSL xml:lang="vie">Tương</TRANSL><FORM kindOf="phone">tɨəŋ²</FORM></W><W id="TPO_hang_1511432754449_W3"><AREA image="Lai Pao 1-p1" shape="rect" coords="233,220,336,317"></AREA><AUDIO start="36.867112530946386" end="37.59848439896921"/><TRANSL xml:lang="vie">Dương</TRANSL><FORM kindOf="phone">lɨəŋ²</FORM></W><W id="TPO_hang_1511432754449_W4"><AREA image="Lai Pao 1-p1" shape="rect" coords="335,226,415,316"></AREA><AUDIO start="37.58355844247895" end="38.2253745715602"/><TRANSL xml:lang="vie">phủ</TRANSL><FORM kindOf="phone">fuː⁴</FORM></W><W id="TPO_hang_1511432754449_W5"><AREA image="Lai Pao 1-p1" shape="rect" coords="410,209,549,308"></AREA><AUDIO start="39.35974726482009" end="40.10604508933318"/><TRANSL xml:lang="vie">Hội</TRANSL><FORM kindOf="phone">hoːj⁶</FORM></W><W id="TPO_hang_1511432754449_W6"><AREA image="Lai Pao 1-p1" shape="rect" coords="548,224,736,316"></AREA><AUDIO start="40.19560082827475" end="40.92697269629757"/><TRANSL xml:lang="vie">Nguyên</TRANSL><FORM kindOf="phone">ŋwien²</FORM></W><W id="TPO_hang_1511432754449_W7"><AREA image="Lai Pao 1-p1" shape="rect" coords="729,223,871,326"></AREA><AUDIO start="41.19563991312228" end="41.822530085713275"/><TRANSL xml:lang="vie">huyện</TRANSL><FORM kindOf="phone">vien⁶</FORM></W><W id="TPO_hang_1511432754449_W8"><AREA image="Lai Pao 1-p1" shape="rect" coords="867,243,1055,328"></AREA><AUDIO start="43.046458517914736" end="43.8375342118986"/><TRANSL xml:lang="vie">Bảo</TRANSL><FORM kindOf="phone">baːw⁴</FORM></W><W id="TPO_hang_1511432754449_W9"><AREA image="Lai Pao 1-p1" shape="rect" coords="1052,243,1237,326"></AREA><AUDIO start="44.404720558528545" end="45.00175881813902"/><TRANSL xml:lang="vie">Yên</TRANSL><FORM kindOf="phone">ʔien²</FORM></W><W id="TPO_hang_1511432754449_W10"><AREA image="Lai Pao 1-p1" shape="rect" coords="1235,235,1346,336"></AREA><AUDIO start="44.98683286164875" end="45.58387112125922"/><TRANSL xml:lang="vie">tổng</TRANSL><FORM kindOf="phone">soŋ⁴</FORM></W><W id="TPO_hang_1511432754449_W11"><AREA image="Lai Pao 1-p1" shape="rect" coords="1342,232,1477,338"></AREA><AUDIO start="46.6436140320678" end="47.43468972605167"/><TRANSL xml:lang="vie">Sơn</TRANSL><FORM kindOf="phone">səːn¹</FORM></W><W id="TPO_hang_1511432754449_W12"><AREA image="Lai Pao 1-p1" shape="rect" coords="1473,230,1552,322"></AREA><AUDIO start="47.44961568254193" end="48.27054328950632"/><TRANSL xml:lang="vie">Vị</TRANSL><FORM kindOf="phone">viː⁶</FORM></W></S><S id="TPO_hang_1511432754449_S2"><AREA image="Lai Pao 1-p1" shape="rect" coords="112,330,1559,457"></AREA><AUDIO start="48.21083946354528" end="61.04716204517034"/><TRANSL xml:lang="fra">commune. Moi (je soussigné), le chef , moi le notable, moi l'ancien chef de toute la</TRANSL><TRANSL xml:lang="eng">commune. I (the undersigned), the chief,  I the notable [the person of distinction], I the former chief of all the</TRANSL><TRANSL xml:lang="vie">Tôi (người ký), lý trưởng, tôi hương mục, tôi cựu lý trưởng của cả</TRANSL><FORM kindOf="phone">saː⁵ kʰɔːj⁵ liː⁵ tɨəŋ⁵ kʰɔːj⁵ hɨəŋ¹ muk⁸ kʰɔːj⁵ kɨːw⁴ liː⁵ tɨəŋ⁵ doŋ²</FORM><W id="TPO_hang_1511432754449_W14"><AREA image="Lai Pao 1-p1" shape="rect" coords="144,348,265,425"></AREA><AUDIO start="48.27054328950632" end="48.97206324454863"/><TRANSL xml:lang="vie">xã</TRANSL><FORM kindOf="phone">saː⁵</FORM></W><W id="TPO_hang_1511432754449_W15"><AREA image="Lai Pao 1-p1" shape="rect" coords="278,343,436,420"></AREA><AUDIO start="50.12136189429878" end="50.82288184934107"/><TRANSL xml:lang="vie">tôi</TRANSL><FORM kindOf="phone">kʰɔːj⁵</FORM></W><W id="TPO_hang_1511432754449_W16"><AREA image="Lai Pao 1-p1" shape="rect" coords="432,329,498,420"></AREA><AUDIO start="50.83780780583134" end="51.61395754332494"/><TRANSL xml:lang="vie">lý</TRANSL><FORM kindOf="phone">liː⁵</FORM></W><W id="TPO_hang_1511432754449_W17"><AREA image="Lai Pao 1-p1" shape="rect" coords="495,335,593,413"></AREA><AUDIO start="51.61395754332494" end="52.181143889954896"/><TRANSL xml:lang="vie">trưởng</TRANSL><FORM kindOf="phone">tɨəŋ⁵</FORM></W><W id="TPO_hang_1511432754449_W18"><AREA image="Lai Pao 1-p1" shape="rect" coords="588,349,735,417"></AREA><AUDIO start="53.1513310618219" end="53.8528510168642"/><TRANSL xml:lang="vie">tôi</TRANSL><FORM kindOf="phone">kʰɔːj⁵</FORM></W><W id="TPO_hang_1511432754449_W19"><AREA image="Lai Pao 1-p1" shape="rect" coords="736,337,851,427"></AREA><AUDIO start="53.89762888633499" end="54.584222884887026"/><TRANSL xml:lang="vie">hương</TRANSL><FORM kindOf="phone">hɨəŋ¹</FORM></W><W id="TPO_hang_1511432754449_W20"><AREA image="Lai Pao 1-p1" shape="rect" coords="844,359,988,439"></AREA><AUDIO start="54.629000754357804" end="55.0618534925754"/><TRANSL xml:lang="vie">mục</TRANSL><FORM kindOf="phone">muk⁸</FORM></W><W id="TPO_hang_1511432754449_W21"><AREA image="Lai Pao 1-p1" shape="rect" coords="989,346,1135,433"></AREA><AUDIO start="56.52459722862105" end="57.21119122717308"/><TRANSL xml:lang="vie">tôi</TRANSL><FORM kindOf="phone">kʰɔːj⁵</FORM></W><W id="TPO_hang_1511432754449_W22"><AREA image="Lai Pao 1-p1" shape="rect" coords="1130,346,1253,444"></AREA><AUDIO start="57.539562269958836" end="58.21123031202062"/><TRANSL xml:lang="vie">cựu</TRANSL><FORM kindOf="phone">kɨːw⁴</FORM></W><W id="TPO_hang_1511432754449_W23"><AREA image="Lai Pao 1-p1" shape="rect" coords="1252,343,1325,450"></AREA><AUDIO start="58.47989752884533" end="59.16649152739736"/><TRANSL xml:lang="vie">lý</TRANSL><FORM kindOf="phone">liː⁵</FORM></W><W id="TPO_hang_1511432754449_W24"><AREA image="Lai Pao 1-p1" shape="rect" coords="1323,344,1431,449"></AREA><AUDIO start="59.1515655709071" end="59.64412213508574"/><TRANSL xml:lang="vie">trưởng</TRANSL><FORM kindOf="phone">tɨəŋ⁴</FORM></W><W id="TPO_hang_1511432754449_W25"><AREA image="Lai Pao 1-p1" shape="rect" coords="1427,353,1546,458"></AREA><AUDIO start="60.33071613363777" end="61.01731013218981"/><TRANSL xml:lang="vie">cả/ toàn</TRANSL><FORM kindOf="phone">doŋ²</FORM></W></S><S id="TPO_hang_1511432754449_S3"><AREA image="Lai Pao 1-p1" shape="rect" coords="138,437,1552,549"></AREA><AUDIO start="61.12179182762165" end="73.79392888785384"/><TRANSL xml:lang="fra">commune. Nous manquons d'argent vraiment! Nous,</TRANSL><TRANSL xml:lang="eng">commune. We really lack money ! We,</TRANSL><TRANSL xml:lang="vie">xã đinh. Chúng tôi thiếu tiền tiêu! Chúng tôi,</TRANSL><FORM kindOf="phone">saː⁵ diŋ¹ tuː¹ kʰɔːj⁵ siew⁵ ŋən² tien² tiew¹ duŋ¹ tuː¹ kʰɔːj⁵</FORM><W id="TPO_hang_1511432754449_W27"><AREA image="Lai Pao 1-p1" shape="rect" coords="146,450,260,525"></AREA><AUDIO start="61.241199479543745" end="61.9576453910763"/><TRANSL xml:lang="vie">xã</TRANSL><FORM kindOf="phone">saː⁵</FORM></W><W id="TPO_hang_1511432754449_W28"><AREA image="Lai Pao 1-p1" shape="rect" coords="258,447,370,528"></AREA><AUDIO start="62.37557217280363" end="62.9726104324141"/><TRANSL xml:lang="vie">đinh</TRANSL><FORM kindOf="phone">diŋ¹</FORM></W><W id="TPO_hang_1511432754449_W29"><AREA image="Lai Pao 1-p1" shape="rect" coords="373,453,427,529"></AREA><AUDIO start="64.30102056004739" end="64.98761455859943"/><TRANSL xml:lang="vie">chúng</TRANSL><FORM kindOf="phone">tuː¹</FORM></W><W id="TPO_hang_1511432754449_W30"><AREA image="Lai Pao 1-p1" shape="rect" coords="430,442,590,515"></AREA><AUDIO start="65.06224434105074" end="65.61450473119042"/><TRANSL xml:lang="vie">tôi</TRANSL><FORM kindOf="phone">kʰɔːj⁵</FORM></W><W id="TPO_hang_1511432754449_W31"><AREA image="Lai Pao 1-p1" shape="rect" coords="593,440,736,519"></AREA><AUDIO start="66.56976594656717" end="67.39069355353156"/><TRANSL xml:lang="vie">thiếu</TRANSL><FORM kindOf="phone">siew⁵</FORM></W><W id="TPO_hang_1511432754449_W32"><AREA image="Lai Pao 1-p1" shape="rect" coords="734,450,849,521"></AREA><AUDIO start="67.43547142300234" end="68.16684329102517"/><TRANSL xml:lang="vie">bạc</TRANSL><FORM kindOf="phone">ŋən²</FORM></W><W id="TPO_hang_1511432754449_W33"><AREA image="Lai Pao 1-p1" shape="rect" coords="849,454,1046,528"></AREA><AUDIO start="68.16684329102517" end="68.71910368116484"/><TRANSL xml:lang="vie">tiền</TRANSL><FORM kindOf="phone">tien²</FORM></W><W id="TPO_hang_1511432754449_W34"><AREA image="Lai Pao 1-p1" shape="rect" coords="1045,443,1203,529"></AREA><AUDIO start="68.85343728957722" end="69.42062363620714"/><TRANSL xml:lang="vie">tiêu</TRANSL><FORM kindOf="phone">tiew¹</FORM></W><W id="TPO_hang_1511432754449_W35"><AREA image="Lai Pao 1-p1" shape="rect" coords="1203,482,1310,549"></AREA><AUDIO start="70.54007037297677" end="71.16696054556778"/><TRANSL xml:lang="vie">dùng</TRANSL><FORM kindOf="phone">duŋ¹</FORM></W><W id="TPO_hang_1511432754449_W36"><AREA image="Lai Pao 1-p1" shape="rect" coords="1320,480,1385,545"></AREA><AUDIO start="72.34611110829844" end="73.00285319386995"/><TRANSL xml:lang="vie">chúng</TRANSL><FORM kindOf="phone">tuː¹</FORM></W><W id="TPO_hang_1511432754449_W37"><AREA image="Lai Pao 1-p1" shape="rect" coords="1383,466,1535,539"></AREA><AUDIO start="73.062557019831" end="73.64466932295122"/><TRANSL xml:lang="vie">tôi</TRANSL><FORM kindOf="phone">kʰɔːj⁵</FORM></W></S><S id="TPO_hang_1511432754449_S4"><AREA image="Lai Pao 1-p1" shape="rect" coords="133,523,1547,633"></AREA><AUDIO start="73.9581144092467" end="84.57046947382278"/><TRANSL xml:lang="fra">c'est pourquoi, demandons à emprunter , de l'argent chez l'honorable chef </TRANSL><TRANSL xml:lang="eng">therefore, request to borrow money from the honorable chief</TRANSL><TRANSL xml:lang="vie">do đó, cần vay tiền của Quan trên</TRANSL><FORM kindOf="phone">ciŋ⁴ daj⁵ haw⁵ ciːw² ŋən² nam² leŋ⁶ taːn⁴ ɲaː² haw² kiː⁴</FORM><W id="TPO_hang_1511432754449_W39"><AREA image="Lai Pao 1-p1" shape="rect" coords="143,534,240,612"></AREA><AUDIO start="74.34618927799352" end="75.03278327654556"/><TRANSL xml:lang="vie">(ciːŋ⁴ daj⁵): cho nên, vì vậy</TRANSL><FORM kindOf="phone">ciŋ⁴</FORM></W><W id="TPO_hang_1511432754449_W40"><AREA image="Lai Pao 1-p1" shape="rect" coords="233,536,345,629"></AREA><AUDIO start="75.86863684000019" end="76.46567509961068"/><TRANSL xml:lang="vie">(ciːŋ⁴ daj⁵): cho nên, vì vậy</TRANSL><FORM kindOf="phone">daj⁵</FORM></W><W id="TPO_hang_1511432754449_W41"><AREA image="Lai Pao 1-p1" shape="rect" coords="348,537,475,609"></AREA><AUDIO start="77.36123248902638" end="78.01797457459789"/><TRANSL xml:lang="vie">vào</TRANSL><FORM kindOf="phone">haw⁵</FORM></W><W id="TPO_hang_1511432754449_W42"><AREA image="Lai Pao 1-p1" shape="rect" coords="470,527,602,597"></AREA><AUDIO start="78.0926043570492" end="78.65979070367915"/><TRANSL xml:lang="vie">vay/ chịu</TRANSL><FORM kindOf="phone">ciːw²</FORM></W><W id="TPO_hang_1511432754449_W43"><AREA image="Lai Pao 1-p1" shape="rect" coords="594,525,734,612"></AREA><AUDIO start="78.68964261665965" end="79.28668087627014"/><TRANSL xml:lang="vie">bạc</TRANSL><FORM kindOf="phone">ŋən²</FORM></W><W id="TPO_hang_1511432754449_W44"><AREA image="Lai Pao 1-p1" shape="rect" coords="730,529,847,618"></AREA><AUDIO start="79.40608852819223" end="80.01805274429296"/><TRANSL xml:lang="vie">với</TRANSL><FORM kindOf="phone">nam²</FORM></W><W id="TPO_hang_1511432754449_W45"><AREA image="Lai Pao 1-p1" shape="rect" coords="846,534,953,632"></AREA><AUDIO start="80.83898035125735" end="81.52557434980939"/><TRANSL xml:lang="vie">(leŋ⁶ taːn⁴ ɲaː² haw²): Quan trên</TRANSL><FORM kindOf="phone">leŋ⁶</FORM></W><W id="TPO_hang_1511432754449_W46"><AREA image="Lai Pao 1-p1" shape="rect" coords="935,549,1156,619"></AREA><AUDIO start="81.65990795822174" end="82.33157600028352"/><TRANSL xml:lang="vie">(leŋ⁶ taːn⁴ ɲaː² haw²): Quan trên</TRANSL><FORM kindOf="phone">taːn⁴</FORM></W><W id="TPO_hang_1511432754449_W47"><AREA image="Lai Pao 1-p1" shape="rect" coords="1154,558,1290,630"></AREA><AUDIO start="82.52561343465692" end="83.16742956373817"/><TRANSL xml:lang="vie">(leŋ⁶ taːn⁴ ɲaː² haw²): Quan trên</TRANSL><FORM kindOf="phone">ɲaː²</FORM></W><W id="TPO_hang_1511432754449_W48"><AREA image="Lai Pao 1-p1" shape="rect" coords="1290,554,1423,619"></AREA><AUDIO start="83.16742956373817" end="83.5853563454655"/><TRANSL xml:lang="vie">(leŋ⁶ taːn⁴ ɲaː² haw²): Quan lớn</TRANSL><FORM kindOf="phone">haw²</FORM></W><W id="TPO_hang_1511432754449_W49"><AREA image="Lai Pao 1-p1" shape="rect" coords="1422,545,1493,627"></AREA><AUDIO start="83.92865334474152" end="84.54061756084225"/><TRANSL xml:lang="vie">cấp</TRANSL><FORM kindOf="phone">kiː⁴</FORM></W></S><S id="TPO_hang_1511432754449_S5"><AREA image="Lai Pao 1-p1" shape="rect" coords="100,611,1565,750"></AREA><AUDIO start="84.56897640335222" end="97.91441017789012"/><TRANSL xml:lang="fra">de district, attendant de lui qu'il ait la bonté de sortir pour nous deux</TRANSL><TRANSL xml:lang="eng">of the district, depending on him to have the kindness to lend two</TRANSL><TRANSL xml:lang="vie">cấp huyện, nếu như ông ấy có lòng thương xót bớt ra cho chúng tôi hai</TRANSL><FORM kindOf="phone">vien⁶ tʰaː⁵ ŋaːj² ɲaŋ² ʔiː⁵ duː¹ tʰuːt⁷ ʔɔːk⁸ həː⁵ miː² ŋən² sɔːŋ¹</FORM><W id="TPO_hang_1511432754449_W51"><AREA image="Lai Pao 1-p1" shape="rect" coords="140,615,271,702"></AREA><AUDIO start="84.55554351733251" end="85.03317412502089"/><TRANSL xml:lang="vie">huyện</TRANSL><FORM kindOf="phone">(v)ien⁶</FORM></W><W id="TPO_hang_1511432754449_W52"><AREA image="Lai Pao 1-p1" shape="rect" coords="268,639,385,707"></AREA><AUDIO start="87.04817825120622" end="87.73477224975825"/><TRANSL xml:lang="vie">chờ</TRANSL><FORM kindOf="phone">tʰaː⁵</FORM></W><W id="TPO_hang_1511432754449_W53"><AREA image="Lai Pao 1-p1" shape="rect" coords="380,630,564,710"></AREA><AUDIO start="87.89895777115113" end="88.67510750864474"/><TRANSL xml:lang="vie">ngài/ ông</TRANSL><FORM kindOf="phone">ŋaːj²</FORM></W><W id="TPO_hang_1511432754449_W54"><AREA image="Lai Pao 1-p1" shape="rect" coords="558,629,679,725"></AREA><AUDIO start="89.82440615839488" end="90.46622228747614"/><TRANSL xml:lang="vie">còn</TRANSL><FORM kindOf="phone">ɲaŋ²</FORM></W><W id="TPO_hang_1511432754449_W55"><AREA image="Lai Pao 1-p1" shape="rect" coords="680,630,744,701"></AREA><AUDIO start="90.73488950430085" end="91.1826681990087"/><TRANSL xml:lang="vie">(ʔiː¹ duː¹): thương xót</TRANSL><FORM kindOf="phone">ʔiː⁵</FORM></W><W id="TPO_hang_1511432754449_W56"><AREA image="Lai Pao 1-p1" shape="rect" coords="744,650,809,732"></AREA><AUDIO start="91.19759415549896" end="91.66029880669707"/><TRANSL xml:lang="vie">(ʔiː¹ duː¹): thương xót</TRANSL><FORM kindOf="phone">duː¹</FORM></W><W id="TPO_hang_1511432754449_W57"><AREA image="Lai Pao 1-p1" shape="rect" coords="808,655,935,738"></AREA><AUDIO start="92.66033789154461" end="93.03348680380115"/><TRANSL xml:lang="vie">rút/ san sẻ/ giúp đỡ</TRANSL><FORM kindOf="phone">tʰuːt⁷</FORM></W><W id="TPO_hang_1511432754449_W58"><AREA image="Lai Pao 1-p1" shape="rect" coords="935,658,1118,740"></AREA><AUDIO start="93.6753029328824" end="94.13800758408051"/><TRANSL xml:lang="vie">ra</TRANSL><FORM kindOf="phone">ʔɔːk⁸</FORM></W><W id="TPO_hang_1511432754449_W59"><AREA image="Lai Pao 1-p1" shape="rect" coords="1121,681,1247,747"></AREA><AUDIO start="94.55593436580784" end="95.1231207124378"/><TRANSL xml:lang="vie">cho</TRANSL><FORM kindOf="phone">həː⁵</FORM></W><W id="TPO_hang_1511432754449_W60"><AREA image="Lai Pao 1-p1" shape="rect" coords="1239,656,1335,724"></AREA><AUDIO start="95.76493684151905" end="96.5261606225224"/><TRANSL xml:lang="vie">có</TRANSL><FORM kindOf="phone">miː²</FORM></W><W id="TPO_hang_1511432754449_W61"><AREA image="Lai Pao 1-p1" shape="rect" coords="1330,644,1455,740"></AREA><AUDIO start="96.63064231795423" end="97.24260653405494"/><TRANSL xml:lang="vie">bạc</TRANSL><FORM kindOf="phone">ŋən²</FORM></W><W id="TPO_hang_1511432754449_W62"><AREA image="Lai Pao 1-p1" shape="rect" coords="1459,674,1556,734"></AREA><AUDIO start="97.27245844703548" end="97.89934861962647"/><TRANSL xml:lang="vie">hai</TRANSL><FORM kindOf="phone">sɔːŋ¹</FORM></W></S><S id="TPO_hang_1511432754449_S6"><AREA image="Lai Pao 1-p1" shape="rect" coords="125,725,1553,822"></AREA><AUDIO start="97.9048293278294" end="114.1124620772682"/><TRANSL xml:lang="fra">barres. Nous, le Conseil, n'avons rien à donner en retour. Nous, c'est pourquoi,</TRANSL><TRANSL xml:lang="eng">bars. We, the Council, have nothing to give in return. We, therefore,</TRANSL><TRANSL xml:lang="vie">nén (bạc). Chúng tôi, Hội đồng xã, không có gì để trả. Chúng tôi, do đó, sẽ</TRANSL><FORM kindOf="phone">nɛːn⁵ tuː¹ kʰɔːj⁵ haːŋ² saː⁵ bɔː⁴ miː² ʔa:⁴ ləː² hɨːn¹ tuː¹ kʰɔːj⁵ ciːŋ⁴</FORM><W id="TPO_hang_1511432754449_W64"><AREA image="Lai Pao 1-p1" shape="rect" coords="126,727,347,806"></AREA><AUDIO start="97.89934861962647" end="98.43668305327589"/><TRANSL xml:lang="vie">nén</TRANSL><FORM kindOf="phone">nɛːn⁵</FORM></W><W id="TPO_hang_1511432754449_W65"><AREA image="Lai Pao 1-p1" shape="rect" coords="350,758,396,822"></AREA><AUDIO start="99.46657405110395" end="100.09346422369494"/><TRANSL xml:lang="vie">chúng</TRANSL><FORM kindOf="phone">tuː¹</FORM></W><W id="TPO_hang_1511432754449_W66"><AREA image="Lai Pao 1-p1" shape="rect" coords="398,739,539,819"></AREA><AUDIO start="100.12331613667546" end="100.75020630926645"/><TRANSL xml:lang="vie">tôi</TRANSL><FORM kindOf="phone">kʰɔːj⁵</FORM></W><W id="TPO_hang_1511432754449_W67"><AREA image="Lai Pao 1-p1" shape="rect" coords="533,740,696,815"></AREA><AUDIO start="101.10842926503274" end="101.69054156815294"/><TRANSL xml:lang="vie">hàng</TRANSL><FORM kindOf="phone">haːŋ²</FORM></W><W id="TPO_hang_1511432754449_W68"><AREA image="Lai Pao 1-p1" shape="rect" coords="693,756,785,819"></AREA><AUDIO start="101.7054675246432" end="102.24280195829262"/><TRANSL xml:lang="vie">xã</TRANSL><FORM kindOf="phone">saː⁵</FORM></W><W id="TPO_hang_1511432754449_W69"><AREA image="Lai Pao 1-p1" shape="rect" coords="779,746,834,818"></AREA><AUDIO start="103.51150825996487" end="104.18317630202664"/><TRANSL xml:lang="vie">không</TRANSL><FORM kindOf="phone">bɔː⁴</FORM></W><W id="TPO_hang_1511432754449_W70"><AREA image="Lai Pao 1-p1" shape="rect" coords="831,742,904,809"></AREA><AUDIO start="104.16825034553638" end="104.78021456163711"/><TRANSL xml:lang="vie">có</TRANSL><FORM kindOf="phone">miː²</FORM></W><W id="TPO_hang_1511432754449_W71"><AREA image="Lai Pao 1-p1" shape="rect" coords="900,742,1010,799"></AREA><AUDIO start="104.95932603952025" end="105.48173451667941"/><TRANSL xml:lang="vie">(ʔa:⁴ ləː²): cái gì</TRANSL><FORM kindOf="phone">ʔa:⁴</FORM></W><W id="TPO_hang_1511432754449_W72"><AREA image="Lai Pao 1-p1" shape="rect" coords="1001,749,1076,819"></AREA><AUDIO start="105.58621621211124" end="106.03399490681909"/><TRANSL xml:lang="vie">(ʔa:⁴ ləː²): cái gì</TRANSL><FORM kindOf="phone">ləː²</FORM></W><W id="TPO_hang_1511432754449_W73"><AREA image="Lai Pao 1-p1" shape="rect" coords="1071,735,1230,816"></AREA><AUDIO start="106.06384681979962" end="106.43699573205615"/><TRANSL xml:lang="vie">trả</TRANSL><FORM kindOf="phone">hɨːn¹</FORM></W><W id="TPO_hang_1511432754449_W74"><AREA image="Lai Pao 1-p1" shape="rect" coords="1236,759,1289,819"></AREA><AUDIO start="107.37733099094265" end="108.03407307651416"/><TRANSL xml:lang="vie">chúng</TRANSL><FORM kindOf="phone">tuː¹</FORM></W><W id="TPO_hang_1511432754449_W75"><AREA image="Lai Pao 1-p1" shape="rect" coords="1288,743,1438,816"></AREA><AUDIO start="108.06392498949468" end="108.64603729261489"/><TRANSL xml:lang="vie">tôi</TRANSL><FORM kindOf="phone">kʰɔːj⁵</FORM></W><W id="TPO_hang_1511432754449_W76"><AREA image="Lai Pao 1-p1" shape="rect" coords="1439,726,1553,820"></AREA><AUDIO start="113.15367615267392" end="113.98952971612857"/><TRANSL xml:lang="vie">(ciːŋ⁴ daj⁵): cho nên, vì vậy</TRANSL><FORM kindOf="phone">ciːŋ⁴</FORM></W></S><S id="TPO_hang_1511432754449_S7"><AREA image="Lai Pao 1-p1" shape="rect" coords="115,828,1558,917"></AREA><AUDIO start="114.03775165245389" end="125.59000052705389"/><TRANSL xml:lang="fra">cédons en gage la terre à l'honorable, délimitée depuis l'embouchure du ruisseau Cáng</TRANSL><TRANSL xml:lang="eng">leave as security (=as pledge) to the honourable [chief] the land located from the mouth of the Cáng stream</TRANSL><TRANSL xml:lang="vie">cầm cố đất cho Quan trên từ suối Cáng</TRANSL><FORM kindOf="phone">daj⁵ kəm² diːn¹ həː⁵ leŋ⁶ taːn⁴ ɲaː² haw² kaː³ huoj⁵ kaːŋ¹</FORM><W id="TPO_hang_1511432754449_W78"><AREA image="Lai Pao 1-p1" shape="rect" coords="131,827,241,905"></AREA><AUDIO start="114.19849310699223" end="114.78060541011244"/><TRANSL xml:lang="vie">(ciːŋ⁴ daj⁵): cho nên, vì vậy</TRANSL><FORM kindOf="phone">daj⁵</FORM></W><W id="TPO_hang_1511432754449_W79"><AREA image="Lai Pao 1-p1" shape="rect" coords="240,836,364,902"></AREA><AUDIO start="115.97468192933337" end="116.57172018894386"/><TRANSL xml:lang="vie">cầm cố</TRANSL><FORM kindOf="phone">kəm²</FORM></W><W id="TPO_hang_1511432754449_W80"><AREA image="Lai Pao 1-p1" shape="rect" coords="365,835,489,905"></AREA><AUDIO start="116.57172018894386" end="117.1389065355738"/><TRANSL xml:lang="vie">đất</TRANSL><FORM kindOf="phone">diːn¹</FORM></W><W id="TPO_hang_1511432754449_W81"><AREA image="Lai Pao 1-p1" shape="rect" coords="487,845,624,908"></AREA><AUDIO start="117.97476009902844" end="118.57179835863892"/><TRANSL xml:lang="vie">cho</TRANSL><FORM kindOf="phone">həː⁵</FORM></W><W id="TPO_hang_1511432754449_W82"><AREA image="Lai Pao 1-p1" shape="rect" coords="620,844,713,914"></AREA><AUDIO start="118.61657622810971" end="119.33302213964227"/><TRANSL xml:lang="vie">(leŋ⁶ taːn⁴ ɲaː² haw²): Quan trên</TRANSL><FORM kindOf="phone">leŋ⁶</FORM></W><W id="TPO_hang_1511432754449_W83"><AREA image="Lai Pao 1-p1" shape="rect" coords="709,837,884,913"></AREA><AUDIO start="119.30317022666173" end="119.78080083435012"/><TRANSL xml:lang="vie">(leŋ⁶ taːn⁴ ɲaː² haw²): Quan trên</TRANSL><FORM kindOf="phone">taːn⁴</FORM></W><W id="TPO_hang_1511432754449_W84"><AREA image="Lai Pao 1-p1" shape="rect" coords="878,846,993,914"></AREA><AUDIO start="120.48232078939242" end="121.18384074443473"/><TRANSL xml:lang="vie">(leŋ⁶ taːn⁴ ɲaː² haw²): Quan trên</TRANSL><FORM kindOf="phone">ɲaː²</FORM></W><W id="TPO_hang_1511432754449_W85"><AREA image="Lai Pao 1-p1" shape="rect" coords="989,852,1099,906"></AREA><AUDIO start="121.16891478794446" end="121.55698965669126"/><TRANSL xml:lang="vie">(leŋ⁶ taːn⁴ ɲaː² haw²): Quan trên</TRANSL><FORM kindOf="phone">haw²</FORM></W><W id="TPO_hang_1511432754449_W86"><AREA image="Lai Pao 1-p1" shape="rect" coords="1095,855,1209,913"></AREA><AUDIO start="123.03465934922716" end="123.70632739128895"/><TRANSL xml:lang="vie">từ</TRANSL><FORM kindOf="phone">kaː³</FORM></W><W id="TPO_hang_1511432754449_W87"><AREA image="Lai Pao 1-p1" shape="rect" coords="1212,845,1415,903"></AREA><AUDIO start="124.18395799897732" end="124.76607030209752"/><TRANSL xml:lang="vie">suối</TRANSL><FORM kindOf="phone">huoj⁵</FORM></W><W id="TPO_hang_1511432754449_W88"><AREA image="Lai Pao 1-p1" shape="rect" coords="1411,847,1556,913"></AREA><AUDIO start="124.76607030209752" end="125.22877495329563"/><TRANSL xml:lang="vie">Cáng</TRANSL><FORM kindOf="phone">kaːŋ¹</FORM></W></S><S id="TPO_hang_1511432754449_S8"><AREA image="Lai Pao 1-p2" shape="rect" coords="131,22,1711,139"></AREA><AUDIO start="130.9427322143075" end="145.44339087630541"/><TRANSL xml:lang="fra">vers l'amont de la rivière Vẻ, jusqu'à la limite d'où on voit l'extrémité de l'arbre lagestromia</TRANSL><TRANSL xml:lang="eng">to the upper reaches of the Vẻ river, up to the limit from which the tip of the lagestromia tree can be seen,</TRANSL><TRANSL xml:lang="vie">phần phía trên (của suối Cáng) dọc theo suối Vẽ đến đèo (Vẽ) kéo đến ngọn cây xăng lẻ</TRANSL><FORM kindOf="phone">fɨəŋ⁶ nɨa¹ haw⁵ nam⁶ huoj⁵ vɛː⁶ cam¹ kɛːm⁶ səː⁴ ŋɔːn⁴ kɔː¹ laːn⁶</FORM><W id="TPO_hang_1511432754449_W90"><AREA image="Lai Pao 1-p2" shape="rect" coords="161,29,296,117"></AREA><AUDIO start="131.2439354188711" end="131.85589963497182"/><TRANSL xml:lang="vie">(fɨəŋ¹ nɨa¹): phần phía trên</TRANSL><FORM kindOf="phone">fɨəŋ⁶</FORM></W><W id="TPO_hang_1511432754449_W91"><AREA image="Lai Pao 1-p2" shape="rect" coords="289,20,403,103"></AREA><AUDIO start="131.85589963497182" end="132.36338215564072"/><TRANSL xml:lang="vie">(fɨəŋ¹ nɨa¹): phần phía trên</TRANSL><FORM kindOf="phone">nɨa¹</FORM></W><W id="TPO_hang_1511432754449_W92"><AREA image="Lai Pao 1-p2" shape="rect" coords="397,40,526,102"></AREA><AUDIO start="134.10971906500134" end="134.76646115057284"/><TRANSL xml:lang="vie">vào</TRANSL><FORM kindOf="phone">haw⁵</FORM></W><W id="TPO_hang_1511432754449_W93"><AREA image="Lai Pao 1-p2" shape="rect" coords="517,34,643,116"></AREA><AUDIO start="134.76646115057284" end="135.34857345369306"/><TRANSL xml:lang="vie">theo</TRANSL><FORM kindOf="phone">nam⁶</FORM></W><W id="TPO_hang_1511432754449_W94"><AREA image="Lai Pao 1-p2" shape="rect" coords="641,38,857,107"></AREA><AUDIO start="135.87098193085222" end="136.57250188589452"/><TRANSL xml:lang="vie">suối/ khe</TRANSL><FORM kindOf="phone">huoj⁵</FORM></W><W id="TPO_hang_1511432754449_W95"><AREA image="Lai Pao 1-p2" shape="rect" coords="857,32,985,98"></AREA><AUDIO start="136.70683549430686" end="137.15461418901472"/><TRANSL xml:lang="vie">Vẻ</TRANSL><FORM kindOf="phone">vɛː⁶</FORM></W><W id="TPO_hang_1511432754449_W96"><AREA image="Lai Pao 1-p2" shape="rect" coords="983,33,1081,112"></AREA><AUDIO start="140.25921313898914" end="140.88610331158014"/><TRANSL xml:lang="vie">từ</TRANSL><FORM kindOf="phone">cam¹</FORM></W><W id="TPO_hang_1511432754449_W97"><AREA image="Lai Pao 1-p2" shape="rect" coords="1080,48,1301,116"></AREA><AUDIO start="141.1099926589341" end="141.58762326662244"/><TRANSL xml:lang="vie">mốc/ bờ/ viền</TRANSL><FORM kindOf="phone">kɛːm⁶</FORM></W><W id="TPO_hang_1511432754449_W98"><AREA image="Lai Pao 1-p2" shape="rect" coords="1307,33,1370,132"></AREA><AUDIO start="142.6921440469018" end="143.5130716538662"/><TRANSL xml:lang="vie">tới/ đến</TRANSL><FORM kindOf="phone">səː⁴</FORM></W><W id="TPO_hang_1511432754449_W99"><AREA image="Lai Pao 1-p2" shape="rect" coords="1367,57,1537,135"></AREA><AUDIO start="143.54292356684675" end="144.24444352188902"/><TRANSL xml:lang="vie">ngọn (chỉ rừng cây)</TRANSL><FORM kindOf="phone">ŋɔːn⁴</FORM></W><W id="TPO_hang_1511432754449_W100"><AREA image="Lai Pao 1-p2" shape="rect" coords="1538,62,1603,140"></AREA><AUDIO start="144.2892213913598" end="144.58774052116505"/><TRANSL xml:lang="vie">(kɔː⁴ laːn⁶): cây xăng lẻ</TRANSL><FORM kindOf="phone">kɔː¹</FORM></W><W id="TPO_hang_1511432754449_W101"><AREA image="Lai Pao 1-p2" shape="rect" coords="1596,73,1706,148"></AREA><AUDIO start="144.6474443471261" end="145.05044517236317"/><TRANSL xml:lang="vie">(kɔː⁴ laːn⁶): cây xăng lẻ</TRANSL><FORM kindOf="phone">laːn⁶</FORM></W></S><S id="TPO_hang_1511432754449_S9"><AREA image="Lai Pao 1-p2" shape="rect" coords="132,108,1710,260"></AREA><AUDIO start="157.02862377281232" end="164.29229419090663"/><TRANSL xml:lang="fra">pour cinq mille unités plus cinq cents. Nous, le Conseil communal,</TRANSL><TRANSL xml:lang="eng">for five thousand units plus five hundred. We, the District Council,</TRANSL><TRANSL xml:lang="vie">được năm nghìn năm trăm đồng. Chúng tôi, Hội đồng xã,</TRANSL><FORM kindOf="phone">miː² haː⁵ pan² tien² pʰɨa⁴ haː⁵ hɔːj⁶ tuː¹ kʰɔːj⁵ haːŋ² saː⁵</FORM><W id="TPO_hang_1511432754449_W103"><AREA image="Lai Pao 1-p2" shape="rect" coords="149,118,231,194"></AREA><AUDIO start="157.74622945172356" end="157.82435258437596"/><TRANSL xml:lang="vie">có</TRANSL><FORM kindOf="phone">miː²</FORM></W><W id="TPO_hang_1511432754449_W104"><AREA image="Lai Pao 1-p2" shape="rect" coords="236,129,381,194"></AREA><AUDIO start="157.83997721090645" end="157.90247571702835"/><TRANSL xml:lang="vie">năm</TRANSL><FORM kindOf="phone">haː⁵</FORM></W><W id="TPO_hang_1511432754449_W105"><AREA image="Lai Pao 1-p2" shape="rect" coords="377,107,500,195"></AREA><AUDIO start="157.90247571702835" end="157.93372497008932"/><TRANSL xml:lang="vie">nghìn</TRANSL><FORM kindOf="phone">pan²</FORM></W><W id="TPO_hang_1511432754449_W106"><AREA image="Lai Pao 1-p2" shape="rect" coords="503,122,723,213"></AREA><AUDIO start="157.96497422315028" end="157.99622347621124"/><TRANSL xml:lang="vie">tiền</TRANSL><FORM kindOf="phone">tien²</FORM></W><W id="TPO_hang_1511432754449_W107"><AREA image="Lai Pao 1-p2" shape="rect" coords="725,119,826,210"></AREA><AUDIO start="157.99622347621124" end="158.07434660886364"/><TRANSL xml:lang="vie">và/ với/ thêm</TRANSL><FORM kindOf="phone">pʰɨa⁴</FORM></W><W id="TPO_hang_1511432754449_W108"><AREA image="Lai Pao 1-p2" shape="rect" coords="828,138,993,207"></AREA><AUDIO start="159.35556598436298" end="159.69930776803352"/><TRANSL xml:lang="vie">năm</TRANSL><FORM kindOf="phone">haː⁵</FORM></W><W id="TPO_hang_1511432754449_W109"><AREA image="Lai Pao 1-p2" shape="rect" coords="1001,137,1253,212"></AREA><AUDIO start="159.69930776803352" end="160.0430495517041"/><TRANSL xml:lang="vie">trăm</TRANSL><FORM kindOf="phone">hɔːj⁶</FORM></W><W id="TPO_hang_1511432754449_W110"><AREA image="Lai Pao 1-p2" shape="rect" coords="1252,152,1315,246"></AREA><AUDIO start="161.3555181802644" end="161.99612786801404"/><TRANSL xml:lang="vie">chúng</TRANSL><FORM kindOf="phone">tuː¹</FORM></W><W id="TPO_hang_1511432754449_W111"><AREA image="Lai Pao 1-p2" shape="rect" coords="1313,156,1493,234"></AREA><AUDIO start="162.027377121075" end="162.5742390496418"/><TRANSL xml:lang="vie">tôi</TRANSL><FORM kindOf="phone">kʰɔːj⁵</FORM></W><W id="TPO_hang_1511432754449_W112"><AREA image="Lai Pao 1-p2" shape="rect" coords="1490,173,1668,252"></AREA><AUDIO start="163.13672560473907" end="163.52734126800107"/><TRANSL xml:lang="vie">hàng</TRANSL><FORM kindOf="phone">haːŋ²</FORM></W><W id="TPO_hang_1511432754449_W113"><AREA image="Lai Pao 1-p2" shape="rect" coords="1669,185,1703,266"></AREA><AUDIO start="163.589839774123" end="164.13670170268978"/><TRANSL xml:lang="vie">xã</TRANSL><FORM kindOf="phone">s(aː)⁵</FORM></W></S><S id="TPO_hang_1511432754449_S10"><AREA image="Lai Pao 1-p2" shape="rect" coords="129,234,1706,372"></AREA><AUDIO start="165.9064431727054" end="182.1532035764623"/><TRANSL xml:lang="fra">ne savons pas encore quand on remboursera l'honorable, à ce moment-là,</TRANSL><TRANSL xml:lang="eng">do not yet know when we will [be able to] reimburse the Honourable. At that time,</TRANSL><TRANSL xml:lang="vie">khi nào kiếm được thì chúng tôi xin trả lại cho Quan lớn. Khi ấy,</TRANSL><FORM kindOf="phone">paj² daj⁵ ɲaːm² ləː² kɔː¹ hɨːn⁵ leŋ⁶ taːn⁴ ɲaː² haw² ɲaːm²</FORM><W id="TPO_hang_1511432754449_W115"><AREA image="Lai Pao 1-p2" shape="rect" coords="150,224,282,333"></AREA><AUDIO start="166.0429061394083" end="166.55851881491415"/><TRANSL xml:lang="vie">kiếm</TRANSL><FORM kindOf="phone">paj²</FORM></W><W id="TPO_hang_1511432754449_W116"><AREA image="Lai Pao 1-p2" shape="rect" coords="289,242,416,345"></AREA><AUDIO start="166.55851881491415" end="167.05850686388948"/><TRANSL xml:lang="vie">được</TRANSL><FORM kindOf="phone">daj⁵</FORM></W><W id="TPO_hang_1511432754449_W117"><AREA image="Lai Pao 1-p2" shape="rect" coords="414,257,668,337"></AREA><AUDIO start="167.52724565980387" end="168.23035385367547"/><TRANSL xml:lang="vie">khi</TRANSL><FORM kindOf="phone">ɲaːm²</FORM></W><W id="TPO_hang_1511432754449_W118"><AREA image="Lai Pao 1-p2" shape="rect" coords="661,258,756,352"></AREA><AUDIO start="168.23035385367547" end="168.76159115571178"/><TRANSL xml:lang="vie">nào</TRANSL><FORM kindOf="phone">ləː²</FORM></W><W id="TPO_hang_1511432754449_W119"><AREA image="Lai Pao 1-p2" shape="rect" coords="760,250,825,365"></AREA><AUDIO start="169.26157920468714" end="169.77719188019296"/><TRANSL xml:lang="vie"></TRANSL><FORM kindOf="phone">kɔː¹</FORM></W><W id="TPO_hang_1511432754449_W120"><AREA image="Lai Pao 1-p2" shape="rect" coords="823,249,1014,344"></AREA><AUDIO start="169.7615672536625" end="170.18343216998545"/><TRANSL xml:lang="vie">trả</TRANSL><FORM kindOf="phone">hɨːn⁵</FORM></W><W id="TPO_hang_1511432754449_W121"><AREA image="Lai Pao 1-p2" shape="rect" coords="1008,257,1125,368"></AREA><AUDIO start="172.37087988425262" end="173.04273882506325"/><TRANSL xml:lang="vie">(leŋ⁶ taːn⁴ ɲaː² haw²): Quan lớn</TRANSL><FORM kindOf="phone">leŋ⁶</FORM></W><W id="TPO_hang_1511432754449_W122"><AREA image="Lai Pao 1-p2" shape="rect" coords="1116,282,1336,355"></AREA><AUDIO start="173.04273882506325" end="173.54272687403858"/><TRANSL xml:lang="vie">(leŋ⁶ taːn⁴ ɲaː² haw²): Quan lớn</TRANSL><FORM kindOf="phone">taːn⁴</FORM></W><W id="TPO_hang_1511432754449_W123"><AREA image="Lai Pao 1-p2" shape="rect" coords="1323,293,1485,372"></AREA><AUDIO start="175.01144176790368" end="175.60517757606192"/><TRANSL xml:lang="vie">(leŋ⁶ taːn⁴ ɲaː² haw²): Quan lớn</TRANSL><FORM kindOf="phone">ɲaː²</FORM></W><W id="TPO_hang_1511432754449_W124"><AREA image="Lai Pao 1-p2" shape="rect" coords="1483,292,1610,362"></AREA><AUDIO start="178.41761035154826" end="178.82385064134073"/><TRANSL xml:lang="vie">(leŋ⁶ taːn⁴ ɲaː² haw²): Quan lớn</TRANSL><FORM kindOf="phone">haw²</FORM></W><W id="TPO_hang_1511432754449_W125"><AREA image="Lai Pao 1-p2" shape="rect" coords="1612,296,1709,359"></AREA><AUDIO start="181.2456677535651" end="181.96440057396717"/><TRANSL xml:lang="vie">(ɲaːm² ʔaː⁵): khi nào/ khi ấy</TRANSL><FORM kindOf="phone">ɲaːm²</FORM></W></S><S id="TPO_hang_1511432754449_S11"><AREA image="Lai Pao 1-p2" shape="rect" coords="130,359,1502,486"></AREA><AUDIO start="182.75169015864458" end="191.89268602296136"/><TRANSL xml:lang="fra">il n'y aura pas d'intérêt. La mise sous gage est ainsi notifiée</TRANSL><TRANSL xml:lang="eng">there shall be no interest. The placement under security is hereby notified.</TRANSL><TRANSL xml:lang="vie">đó xin cho đừng lấy lãi. Điều cam kết đã được ghi trong tờ cầm cố này. </TRANSL><FORM kindOf="phone">ʔaː⁶ kɔː¹ həː⁵ ɲaː² miː² ləːj² tɨː¹ təː² kəm²</FORM><W id="TPO_hang_1511432754449_W127"><AREA image="Lai Pao 1-p2" shape="rect" coords="233,369,356,429"></AREA><AUDIO start="182.76125652702163" end="183.21437069640555"/><TRANSL xml:lang="vie">(ɲaːm² ʔaː⁵): khi nào/ khi ấy</TRANSL><FORM kindOf="phone">ʔaː⁶</FORM></W><W id="TPO_hang_1511432754449_W128"><AREA image="Lai Pao 1-p2" shape="rect" coords="354,360,429,438"></AREA><AUDIO start="183.6362356127285" end="184.16747291476483"/><TRANSL xml:lang="vie"></TRANSL><FORM kindOf="phone">kɔː¹</FORM></W><W id="TPO_hang_1511432754449_W129"><AREA image="Lai Pao 1-p2" shape="rect" coords="414,373,549,456"></AREA><AUDIO start="184.13622366170387" end="184.6362117106792"/><TRANSL xml:lang="vie">cho</TRANSL><FORM kindOf="phone">həː⁵</FORM></W><W id="TPO_hang_1511432754449_W130"><AREA image="Lai Pao 1-p2" shape="rect" coords="553,380,713,454"></AREA><AUDIO start="185.27682139842886" end="185.97992959230046"/><TRANSL xml:lang="vie">đừng</TRANSL><FORM kindOf="phone">ɲaː²</FORM></W><W id="TPO_hang_1511432754449_W131"><AREA image="Lai Pao 1-p2" shape="rect" coords="719,379,809,444"></AREA><AUDIO start="185.97992959230046" end="186.4174191351539"/><TRANSL xml:lang="vie">có</TRANSL><FORM kindOf="phone">miː²</FORM></W><W id="TPO_hang_1511432754449_W132"><AREA image="Lai Pao 1-p2" shape="rect" coords="803,367,937,455"></AREA><AUDIO start="186.47991764127582" end="186.82365942494636"/><TRANSL xml:lang="vie">lời/ lãi</TRANSL><FORM kindOf="phone">ləːj²</FORM></W><W id="TPO_hang_1511432754449_W133"><AREA image="Lai Pao 1-p2" shape="rect" coords="937,368,1003,454"></AREA><AUDIO start="187.71426313718374" end="188.35487282493338"/><TRANSL xml:lang="vie">cầm, mang</TRANSL><FORM kindOf="phone">tɨː¹</FORM></W><W id="TPO_hang_1511432754449_W134"><AREA image="Lai Pao 1-p2" shape="rect" coords="999,386,1128,472"></AREA><AUDIO start="188.32362357187242" end="188.77673774125634"/><TRANSL xml:lang="vie">tờ</TRANSL><FORM kindOf="phone">təː²</FORM></W><W id="TPO_hang_1511432754449_W135"><AREA image="Lai Pao 1-p2" shape="rect" coords="1129,374,1288,465"></AREA><AUDIO start="191.1360563473588" end="191.49542275755982"/><TRANSL xml:lang="vie">cầm cố</TRANSL><FORM kindOf="phone">kəm²</FORM></W></S><S id="TPO_hang_1511432754449_S12"><AREA image="Lai Pao 1-p3" shape="rect" coords="78,252,1171,392"></AREA><AUDIO start="200.2246541335569" end="209.83936763383636"/><TRANSL xml:lang="fra">25ème année de règne du Roi Tự Đức, 2ème mois lunaire, 15ème jour du mois lunaire.</TRANSL><TRANSL xml:lang="eng">25th year of reign of King Tự Đức, 2nd lunar month, 15th day of the lunar month.</TRANSL><TRANSL xml:lang="vie">Năm Tự Đức thứ 25, tháng 2, ngày 15.</TRANSL><FORM kindOf="phone">tɨː⁶ dɨk⁷ ɲiː⁶ tʰəp⁸ ŋuː⁶ nien² ɲiː⁶ ŋwat⁸ tʰəp⁸ ŋuː⁶ ɲət⁸</FORM><W id="TPO_hang_1511432754449_W137"><AREA image="Lai Pao 1-p3" shape="rect" coords="93,260,180,354"></AREA><AUDIO start="200.43270913299423" end="200.97957106156105"/><TRANSL xml:lang="vie">Tự</TRANSL><FORM kindOf="phone">tɨː⁶</FORM></W><W id="TPO_hang_1511432754449_W138"><AREA image="Lai Pao 1-p3" shape="rect" coords="181,263,283,350"></AREA><AUDIO start="200.97957106156105" end="201.2451897125792"/><TRANSL xml:lang="vie">Đức</TRANSL><FORM kindOf="phone">dɨk⁷</FORM></W><W id="TPO_hang_1511432754449_W139"><AREA image="Lai Pao 1-p3" shape="rect" coords="280,263,338,343"></AREA><AUDIO start="202.19829193093844" end="202.94827400440147"/><TRANSL xml:lang="vie">hai</TRANSL><FORM kindOf="phone">ɲiː⁶</FORM></W><W id="TPO_hang_1511432754449_W140"><AREA image="Lai Pao 1-p3" shape="rect" coords="340,283,436,342"></AREA><AUDIO start="203.08889564317582" end="203.33888966766347"/><TRANSL xml:lang="vie">mười</TRANSL><FORM kindOf="phone">tʰəp⁸</FORM></W><W id="TPO_hang_1511432754449_W141"><AREA image="Lai Pao 1-p3" shape="rect" coords="430,293,470,356"></AREA><AUDIO start="203.76075458398643" end="204.35449039214464"/><TRANSL xml:lang="vie">năm</TRANSL><FORM kindOf="phone">ŋuː⁶</FORM></W><W id="TPO_hang_1511432754449_W142"><AREA image="Lai Pao 1-p3" shape="rect" coords="471,290,624,346"></AREA><AUDIO start="204.33886576561417" end="204.83885381458953"/><TRANSL xml:lang="vie">năm (năm tháng)</TRANSL><FORM kindOf="phone">nien²</FORM></W><W id="TPO_hang_1511432754449_W143"><AREA image="Lai Pao 1-p3" shape="rect" coords="620,287,691,357"></AREA><AUDIO start="205.79195603294878" end="206.47943960028988"/><TRANSL xml:lang="vie">hai</TRANSL><FORM kindOf="phone">ɲiː⁶</FORM></W><W id="TPO_hang_1511432754449_W144"><AREA image="Lai Pao 1-p3" shape="rect" coords="683,307,807,364"></AREA><AUDIO start="206.4638149737594" end="206.8700552635519"/><TRANSL xml:lang="vie">tháng</TRANSL><FORM kindOf="phone">ŋwat⁸</FORM></W><W id="TPO_hang_1511432754449_W145"><AREA image="Lai Pao 1-p3" shape="rect" coords="801,295,927,368"></AREA><AUDIO start="208.19814851864268" end="208.54189030231322"/><TRANSL xml:lang="vie">mười</TRANSL><FORM kindOf="phone">tʰəp⁸</FORM></W><W id="TPO_hang_1511432754449_W146"><AREA image="Lai Pao 1-p3" shape="rect" coords="921,318,974,393"></AREA><AUDIO start="208.7137611941485" end="209.29187237577625"/><TRANSL xml:lang="vie">năm</TRANSL><FORM kindOf="phone">ŋuː⁶</FORM></W><W id="TPO_hang_1511432754449_W147"><AREA image="Lai Pao 1-p3" shape="rect" coords="978,284,1140,370"></AREA><AUDIO start="209.29187237577625" end="209.60436490638585"/><TRANSL xml:lang="vie">ngày</TRANSL><FORM kindOf="phone">ɲət⁸</FORM></W></S><S id="TPO_hang_1511432754449_S13"><AREA image="Lai Pao 1-p3" shape="rect" coords="1173,387,1719,494"></AREA><AUDIO start="214.6408817293948" end="221.00975216844853"/><TRANSL xml:lang="fra">Le chef Lang Văn Lạc a signé</TRANSL><TRANSL xml:lang="eng">The chief Lang Văn Lạc has signed.</TRANSL><TRANSL xml:lang="vie">Lý trưởng Lang Văn Lạc kí.</TRANSL><FORM kindOf="phone">liː¹ tɨəŋ⁵ laːŋ² van¹ laːk⁸ kiː⁵</FORM><W id="TPO_hang_1511432754449_W149"><AREA image="Lai Pao 1-p3" shape="rect" coords="1185,396,1257,467"></AREA><AUDIO start="214.83861479409657" end="215.5104737349072"/><TRANSL xml:lang="vie">lý</TRANSL><FORM kindOf="phone">liː¹</FORM></W><W id="TPO_hang_1511432754449_W150"><AREA image="Lai Pao 1-p3" shape="rect" coords="1253,398,1326,470"></AREA><AUDIO start="215.5104737349072" end="215.99483715735207"/><TRANSL xml:lang="vie">trưởng</TRANSL><FORM kindOf="phone">tɨəŋ⁵</FORM></W><W id="TPO_hang_1511432754449_W151"><AREA image="Lai Pao 1-p3" shape="rect" coords="1322,407,1459,474"></AREA><AUDIO start="217.99478935325348" end="218.58852516141172"/><TRANSL xml:lang="vie">Lang</TRANSL><FORM kindOf="phone">laːŋ²</FORM></W><W id="TPO_hang_1511432754449_W152"><AREA image="Lai Pao 1-p3" shape="rect" coords="1452,397,1503,470"></AREA><AUDIO start="218.7447714267165" end="219.33850723487473"/><TRANSL xml:lang="vie">Văn</TRANSL><FORM kindOf="phone">van¹</FORM></W><W id="TPO_hang_1511432754449_W153"><AREA image="Lai Pao 1-p3" shape="rect" coords="1501,398,1596,475"></AREA><AUDIO start="219.35413186140522" end="219.72912289813672"/><TRANSL xml:lang="vie">Lạc</TRANSL><FORM kindOf="phone">laːk⁸</FORM></W><W id="TPO_hang_1511432754449_W154"><AREA image="Lai Pao 1-p3" shape="rect" coords="1596,408,1675,480"></AREA><AUDIO start="220.52597885119118" end="220.65097586343504"/><TRANSL xml:lang="vie">kí</TRANSL><FORM kindOf="phone">kiː⁵</FORM></W></S><S id="TPO_hang_1511432754449_S14"><AREA image="Lai Pao 1-p3" shape="rect" coords="1161,490,1712,589"></AREA><AUDIO start="221.255383535244" end="226.29082655455093"/><TRANSL xml:lang="fra">L'ancien chef Bình a signé du doigt</TRANSL><TRANSL xml:lang="eng">The former chief Bình signed with his finger</TRANSL><TRANSL xml:lang="vie">Cựu lý trưởng Bình điểm chỉ</TRANSL><FORM kindOf="phone">kɨw⁴ liː¹ tɨəŋ⁵ biŋ² diem⁵ ciː⁵</FORM><W id="TPO_hang_1511432754449_W156"><AREA image="Lai Pao 1-p3" shape="rect" coords="1184,491,1287,570"></AREA><AUDIO start="221.6040780817943" end="222.2290631430135"/><TRANSL xml:lang="vie">cựu/ cũ</TRANSL><FORM kindOf="phone">kɨw⁴</FORM></W><W id="TPO_hang_1511432754449_W157"><AREA image="Lai Pao 1-p3" shape="rect" coords="1283,501,1338,584"></AREA><AUDIO start="222.24468776954396" end="222.7759250715803"/><TRANSL xml:lang="vie">lý</TRANSL><FORM kindOf="phone">liː¹</FORM></W><W id="TPO_hang_1511432754449_W158"><AREA image="Lai Pao 1-p3" shape="rect" coords="1333,496,1420,583"></AREA><AUDIO start="222.7759250715803" end="223.27591312055563"/><TRANSL xml:lang="vie">trưởng</TRANSL><FORM kindOf="phone">tɨəŋ⁵</FORM></W><W id="TPO_hang_1511432754449_W159"><AREA image="Lai Pao 1-p3" shape="rect" coords="1415,506,1513,580"></AREA><AUDIO start="224.21339071238444" end="224.6977541348293"/><TRANSL xml:lang="vie">Bình</TRANSL><FORM kindOf="phone">biŋ²</FORM></W><W id="TPO_hang_1511432754449_W160"><AREA image="Lai Pao 1-p3" shape="rect" coords="1509,531,1657,577"></AREA><AUDIO start="224.97899741237794" end="225.52585934094472"/><TRANSL xml:lang="vie">điểm</TRANSL><FORM kindOf="phone">diem⁵</FORM></W><W id="TPO_hang_1511432754449_W161"><AREA image="Lai Pao 1-p3" shape="rect" coords="1654,497,1697,565"></AREA><AUDIO start="225.57273322053615" end="225.8696011246153"/><TRANSL xml:lang="vie">chỉ</TRANSL><FORM kindOf="phone">ciː⁵</FORM></W></S><S id="TPO_hang_1511432754449_S15"><AREA image="Lai Pao 1-p3" shape="rect" coords="1166,599,1726,720"></AREA><AUDIO start="227.16808143596327" end="233.0105989461696"/><TRANSL xml:lang="fra">Hương mục Lang Văn Phòng a signé du doigt</TRANSL><TRANSL xml:lang="eng">Hương mục Lang Văn Phòng signed with his finger</TRANSL><TRANSL xml:lang="vie">Hương mục Lang Văn Phòng điểm chỉ</TRANSL><FORM kindOf="phone">hɨəŋ¹ muk⁸ laːŋ² van¹ fɔːŋ² diem⁵ ciː⁵</FORM><W id="TPO_hang_1511432754449_W163"><AREA image="Lai Pao 1-p3" shape="rect" coords="1202,607,1315,677"></AREA><AUDIO start="227.27581751235846" end="227.72893168174235"/><TRANSL xml:lang="vie">hương</TRANSL><FORM kindOf="phone">hɨəŋ¹</FORM></W><W id="TPO_hang_1511432754449_W164"><AREA image="Lai Pao 1-p3" shape="rect" coords="1313,616,1432,688"></AREA><AUDIO start="227.72893168174235" end="228.05704883888245"/><TRANSL xml:lang="vie">mục</TRANSL><FORM kindOf="phone">muk⁸</FORM></W><W id="TPO_hang_1511432754449_W165"><AREA image="Lai Pao 1-p3" shape="rect" coords="1440,609,1571,682"></AREA><AUDIO start="229.52576373274755" end="230.16637342049722"/><TRANSL xml:lang="vie">Lang</TRANSL><FORM kindOf="phone">laːŋ²</FORM></W><W id="TPO_hang_1511432754449_W166"><AREA image="Lai Pao 1-p3" shape="rect" coords="1567,596,1613,674"></AREA><AUDIO start="230.43199207151537" end="230.9476047470212"/><TRANSL xml:lang="vie">Văn</TRANSL><FORM kindOf="phone">van¹</FORM></W><W id="TPO_hang_1511432754449_W167"><AREA image="Lai Pao 1-p3" shape="rect" coords="1608,623,1716,680"></AREA><AUDIO start="231.04135250620408" end="231.47884204905748"/><TRANSL xml:lang="vie">Phòng</TRANSL><FORM kindOf="phone">fɔːŋ²</FORM></W><W id="TPO_hang_1511432754449_W168"><AREA image="Lai Pao 1-p3" shape="rect" coords="1546,670,1685,723"></AREA><AUDIO start="231.96320547150236" end="232.3538211347644"/><TRANSL xml:lang="vie">điểm</TRANSL><FORM kindOf="phone">diem⁵</FORM></W><W id="TPO_hang_1511432754449_W169"><AREA image="Lai Pao 1-p3" shape="rect" coords="1682,662,1720,727"></AREA><AUDIO start="232.3381965082339" end="232.69756291843493"/><TRANSL xml:lang="vie">chỉ</TRANSL><FORM kindOf="phone">ciː⁵</FORM></W></S><S id="TPO_hang_1511432754449_S16"><AREA image="Lai Pao 1-p3" shape="rect" coords="1045,692,1598,785"></AREA><AUDIO start="233.3790459963628" end="236.58979886233203"/><TRANSL xml:lang="fra">Moi, Père Văn, j'ai rédigé</TRANSL><TRANSL xml:lang="eng">I, Father Văn, have drawn up [the document].</TRANSL><TRANSL xml:lang="vie">Tôi, Cha Văn, đã ghi lại [văn bản]</TRANSL><FORM kindOf="phone">kʰɔːj⁵ pɔː⁴ van¹ taː³ təː²</FORM><W id="TPO_hang_1511432754449_W171"><AREA image="Lai Pao 1-p3" shape="rect" coords="1054,712,1193,777"></AREA><AUDIO start="233.54129275108082" end="234.05690542658667"/><TRANSL xml:lang="vie">tôi</TRANSL><FORM kindOf="phone">kʰɔːj⁵</FORM></W><W id="TPO_hang_1511432754449_W172"><AREA image="Lai Pao 1-p3" shape="rect" coords="1198,695,1271,775"></AREA><AUDIO start="234.04128080005617" end="234.5100195959706"/><TRANSL xml:lang="vie">cha</TRANSL><FORM kindOf="phone">pɔː⁴</FORM></W><W id="TPO_hang_1511432754449_W173"><AREA image="Lai Pao 1-p3" shape="rect" coords="1266,694,1366,772"></AREA><AUDIO start="234.5100195959706" end="234.97875839188495"/><TRANSL xml:lang="vie">Văn</TRANSL><FORM kindOf="phone">van¹</FORM></W><W id="TPO_hang_1511432754449_W174"><AREA image="Lai Pao 1-p3" shape="rect" coords="1360,713,1466,768"></AREA><AUDIO start="235.55686957351273" end="235.94748523677472"/><TRANSL xml:lang="vie">thảo ra</TRANSL><FORM kindOf="phone">taː³</FORM></W><W id="TPO_hang_1511432754449_W175"><AREA image="Lai Pao 1-p3" shape="rect" coords="1462,716,1570,778"></AREA><AUDIO start="235.94748523677472" end="236.2599777673843"/><TRANSL xml:lang="vie">tờ/ văn bản</TRANSL><FORM kindOf="phone">təː²</FORM></W></S></TEXT>