<?xml version="1.0" encoding="UTF-8"?>
<!DOCTYPE TEXT SYSTEM "../../Archive_v2.dtd">
<TEXT xmlns="http://crdo.risc.fr/schemas/annotation" xmlns:xsi="http://www.w3.org/2001/XMLSchema-instance" xsi:schemaLocation="http://crdo.risc.fr/schemas/annotation http://cocoon.huma-num.fr/schemas/archive.xsd" id="crdo-TPO_hang_1517300856565" xml:lang=""><HEADER/><S id="TPO_hang_1517300856565_S1"><AREA image="Lai Pao 2 - page 1" shape="rect" coords="64,116,1298,230"></AREA><AUDIO start="66.00768700245172" end="70.06314609870311"/><TRANSL xml:lang="fra">Arrondissement de Tương Dương, District de Hội Nguyên, Canton de Nga Mi, Commune de Nga Mi</TRANSL><TRANSL xml:lang="eng">Tương Dương Prefecture, Hội Nguyên District, Nga Mi Township, Nga Mi Commune</TRANSL><TRANSL xml:lang="vie">Tương Dương phủ, huyện Hội Nguyên, tổng Nga Mi, xã Nga Mi</TRANSL><FORM kindOf="phone">tɨəŋ² dɨəŋ² fu:⁴ ho:j⁶ ŋwien² vien⁶ ŋa:² mi:² soːŋ⁴ ŋa:² mi:² sa:⁴</FORM><W id="TPO_hang_1517300856565_W2"><AREA image="Lai Pao 2 - page 1" shape="rect" coords="71,134,161,215"></AREA><AUDIO start="66.07132332457164" end="66.36834996500026"/><TRANSL xml:lang="vie">Tương</TRANSL><FORM kindOf="phone">tɨəŋ²</FORM></W><W id="TPO_hang_1517300856565_W3"><AREA image="Lai Pao 2 - page 1" shape="rect" coords="160,133,253,207"></AREA><AUDIO start="66.35214983036362" end="66.64917647079224"/><TRANSL xml:lang="vie">Dương</TRANSL><FORM kindOf="phone">dɨəŋ²</FORM></W><W id="TPO_hang_1517300856565_W4"><AREA image="Lai Pao 2 - page 1" shape="rect" coords="257,149,316,217"></AREA><AUDIO start="66.64287722416987" end="67.0191109687128"/><TRANSL xml:lang="vie">phủ</TRANSL><FORM kindOf="phone">fu:⁴</FORM></W><W id="TPO_hang_1517300856565_W5"><AREA image="Lai Pao 2 - page 1" shape="rect" coords="315,131,436,209"></AREA><AUDIO start="67.0137109238339" end="67.27113401220538"/><TRANSL xml:lang="vie">Hội</TRANSL><FORM kindOf="phone">ho:j⁶</FORM></W><W id="TPO_hang_1517300856565_W6"><AREA image="Lai Pao 2 - page 1" shape="rect" coords="430,143,591,208"></AREA><AUDIO start="67.24593219129792" end="67.56276060775512"/><TRANSL xml:lang="vie">Nguyên</TRANSL><FORM kindOf="phone">ŋwien²</FORM></W><W id="TPO_hang_1517300856565_W7"><AREA image="Lai Pao 2 - page 1" shape="rect" coords="586,141,713,209"></AREA><AUDIO start="67.56276060775512" end="67.89939080024091"/><TRANSL xml:lang="vie">huyện</TRANSL><FORM kindOf="phone">vien⁶</FORM></W><W id="TPO_hang_1517300856565_W8"><AREA image="Lai Pao 2 - page 1" shape="rect" coords="709,159,809,214"></AREA><AUDIO start="68.0307999496571" end="68.43673635824288"/><TRANSL xml:lang="vie">Nga</TRANSL><FORM kindOf="phone">ŋa:²</FORM></W><W id="TPO_hang_1517300856565_W9"><AREA image="Lai Pao 2 - page 1" shape="rect" coords="805,142,882,208"></AREA><AUDIO start="68.38723191817145" end="68.63475411852865"/><TRANSL xml:lang="vie">Mi</TRANSL><FORM kindOf="phone">mi:²</FORM></W><W id="TPO_hang_1517300856565_W10"><AREA image="Lai Pao 2 - page 1" shape="rect" coords="882,138,959,210"></AREA><AUDIO start="68.70856117776405" end="69.13429936237843"/><TRANSL xml:lang="vie">tổng</TRANSL><FORM kindOf="phone">soːŋ⁴</FORM></W><W id="TPO_hang_1517300856565_W11"><AREA image="Lai Pao 2 - page 1" shape="rect" coords="954,156,1067,210"></AREA><AUDIO start="69.19280548872067" end="69.42052591304927"/><TRANSL xml:lang="vie">Nga</TRANSL><FORM kindOf="phone">ŋa:²</FORM></W><W id="TPO_hang_1517300856565_W12"><AREA image="Lai Pao 2 - page 1" shape="rect" coords="1060,131,1148,204"></AREA><AUDIO start="69.43852445117291" end="69.63654221145866"/><TRANSL xml:lang="vie">Mi</TRANSL><FORM kindOf="phone">mi:²</FORM></W><W id="TPO_hang_1517300856565_W13"><AREA image="Lai Pao 2 - page 1" shape="rect" coords="1143,150,1251,222"></AREA><AUDIO start="69.69235073257045" end="70.02898092505623"/><TRANSL xml:lang="vie">xã</TRANSL><FORM kindOf="phone">sa:⁴</FORM></W></S><S id="TPO_hang_1517300856565_S2"><AREA image="Lai Pao 2 - page 1" shape="rect" coords="60,219,1461,342"></AREA><AUDIO start="70.95201384582671" end="76.95187113891095"/><TRANSL xml:lang="fra">Moi soussigné Cương (ancien Chef de Canton), j'ai (rédigé) ce document pour le Sieur Ban. Autrefois,</TRANSL><TRANSL xml:lang="eng">I, undersigned Cương (former Head of Township), I have (drawn up) this document for Sir Ban. In old times,</TRANSL><TRANSL xml:lang="vie">Tôi chánh tổng Cương (cựu lý trưởng), có giấy này cho Ông Bản. Từ trước</TRANSL><FORM kindOf="phone">kʰɔ:j⁵ soːŋ⁴ kɨəŋ² mi:² tə:² ni:⁶ hə:⁵ ʔo:ŋ¹ ba:n⁴ kɔ:⁴ tɛ:⁵ kɔ:n⁵</FORM><W id="TPO_hang_1517300856565_W15"><AREA image="Lai Pao 2 - page 1" shape="rect" coords="76,243,225,316"></AREA><AUDIO start="71.03797230077008" end="71.37460249325586"/><TRANSL xml:lang="vie">tôi</TRANSL><FORM kindOf="phone">kʰɔ:j⁵</FORM></W><W id="TPO_hang_1517300856565_W16"><AREA image="Lai Pao 2 - page 1" shape="rect" coords="222,242,315,317"></AREA><AUDIO start="71.39710187451487" end="71.72383117898637"/><TRANSL xml:lang="vie">chánh tổng</TRANSL><FORM kindOf="phone">soːŋ⁴</FORM></W><W id="TPO_hang_1517300856565_W17"><AREA image="Lai Pao 2 - page 1" shape="rect" coords="312,255,425,318"></AREA><AUDIO start="71.72113357375592" end="72.08746643028455"/><TRANSL xml:lang="vie">Cương</TRANSL><FORM kindOf="phone">kɨəŋ²</FORM></W><W id="TPO_hang_1517300856565_W18"><AREA image="Lai Pao 2 - page 1" shape="rect" coords="419,238,495,309"></AREA><AUDIO start="72.21977478144423" end="72.70491829414432"/><TRANSL xml:lang="vie">có</TRANSL><FORM kindOf="phone">mi:²</FORM></W><W id="TPO_hang_1517300856565_W19"><AREA image="Lai Pao 2 - page 1" shape="rect" coords="481,265,594,335"></AREA><AUDIO start="72.71391998041513" end="72.96144218077232"/><TRANSL xml:lang="vie">giấy</TRANSL><FORM kindOf="phone">tə:²</FORM></W><W id="TPO_hang_1517300856565_W20"><AREA image="Lai Pao 2 - page 1" shape="rect" coords="602,226,681,317"></AREA><AUDIO start="72.93534115812137" end="73.30167401465002"/><TRANSL xml:lang="vie">này</TRANSL><FORM kindOf="phone">ni:⁶</FORM></W><W id="TPO_hang_1517300856565_W21"><AREA image="Lai Pao 2 - page 1" shape="rect" coords="670,258,792,321"></AREA><AUDIO start="74.68239829177139" end="75.03883026028575"/><TRANSL xml:lang="vie">cho</TRANSL><FORM kindOf="phone">hə:⁵</FORM></W><W id="TPO_hang_1517300856565_W22"><AREA image="Lai Pao 2 - page 1" shape="rect" coords="789,246,888,320"></AREA><AUDIO start="75.02442852913606" end="75.29175250552183"/><TRANSL xml:lang="vie">ông</TRANSL><FORM kindOf="phone">ʔo:ŋ¹</FORM></W><W id="TPO_hang_1517300856565_W23"><AREA image="Lai Pao 2 - page 1" shape="rect" coords="891,243,1095,319"></AREA><AUDIO start="75.29535414691374" end="75.71119144351383"/><TRANSL xml:lang="vie">Bản</TRANSL><FORM kindOf="phone">ba:n⁴</FORM></W><W id="TPO_hang_1517300856565_W24"><AREA image="Lai Pao 2 - page 1" shape="rect" coords="1095,236,1151,324"></AREA><AUDIO start="76.03521830833688" end="76.36194761280838"/><TRANSL xml:lang="vie">(kɔ:⁴ tɛ:⁵ kɔ:n⁵ han⁶): từ trước đến nay</TRANSL><FORM kindOf="phone">kɔ:⁴</FORM></W><W id="TPO_hang_1517300856565_W25"><AREA image="Lai Pao 2 - page 1" shape="rect" coords="1153,256,1276,317"></AREA><AUDIO start="76.38714943371583" end="76.66437429811589"/><TRANSL xml:lang="vie">(kɔ:⁴ tɛ:⁵ kɔ:n⁵ han⁶): từ trước đến nay</TRANSL><FORM kindOf="phone">tɛ:⁵</FORM></W><W id="TPO_hang_1517300856565_W26"><AREA image="Lai Pao 2 - page 1" shape="rect" coords="1269,253,1450,312"></AREA><AUDIO start="76.67967523100906" end="76.94699920739482"/><TRANSL xml:lang="vie">(kɔ:⁴ tɛ:⁵ kɔ:n⁵ han⁶): từ trước đến nay</TRANSL><FORM kindOf="phone">kɔ:n⁵</FORM></W></S><S id="TPO_hang_1517300856565_S3"><AREA image="Lai Pao 2 - page 1" shape="rect" coords="60,324,1477,427"></AREA><AUDIO start="76.97964825600857" end="87.42384428471078"/><TRANSL xml:lang="fra">le Conseil du Canton avait cédé le lopin de terre dit Nặm Hạng à mon père [cf. LP3: Xổng Cồ]</TRANSL><TRANSL xml:lang="eng">the Township Council had sold the plot of land of Nặm Hạng to my father [see LP3: Xổng Cồ]</TRANSL><TRANSL xml:lang="vie">đến nay Hội đồng xã có cầm cố mảnh đất Nặm Hạng cho cha tôi [chánh tổng Cồ]</TRANSL><FORM kindOf="phone">han⁶ ha:ŋ² soːŋ⁵ kɔ:⁴ kəm² mɛŋ⁵ di:n¹ nam⁶ ha:ŋ⁴ hə:⁵ ʔɛ:ŋ⁶ kʰɔ:j⁵</FORM><W id="TPO_hang_1517300856565_W28"><AREA image="Lai Pao 2 - page 1" shape="rect" coords="79,357,154,411"></AREA><AUDIO start="76.96230014028801" end="77.34843477284521"/><TRANSL xml:lang="vie">(kɔ:⁴ tɛ:⁵ kɔ:n⁵ han⁶): từ trước đến nay</TRANSL><FORM kindOf="phone">han⁶</FORM></W><W id="TPO_hang_1517300856565_W29"><AREA image="Lai Pao 2 - page 1" shape="rect" coords="155,356,315,416"></AREA><AUDIO start="80.87225170418812" end="81.18908012064533"/><TRANSL xml:lang="vie">hàng</TRANSL><FORM kindOf="phone">ha:ŋ²</FORM></W><W id="TPO_hang_1517300856565_W30"><AREA image="Lai Pao 2 - page 1" shape="rect" coords="319,343,406,409"></AREA><AUDIO start="81.19178256029376" end="81.67692607299384"/><TRANSL xml:lang="vie">tổng</TRANSL><FORM kindOf="phone">soːŋ⁵</FORM></W><W id="TPO_hang_1517300856565_W31"><AREA image="Lai Pao 2 - page 1" shape="rect" coords="406,346,484,412"></AREA><AUDIO start="82.5887069720518" end="83.0639495967376"/><TRANSL xml:lang="vie"></TRANSL><FORM kindOf="phone">kɔ:⁴</FORM></W><W id="TPO_hang_1517300856565_W32"><AREA image="Lai Pao 2 - page 1" shape="rect" coords="478,346,555,402"></AREA><AUDIO start="83.40417659619732" end="83.73090590066882"/><TRANSL xml:lang="vie">cầm cố</TRANSL><FORM kindOf="phone">kəm²</FORM></W><W id="TPO_hang_1517300856565_W33"><AREA image="Lai Pao 2 - page 1" shape="rect" coords="547,353,711,412"></AREA><AUDIO start="83.71830740742406" end="84.094541151967"/><TRANSL xml:lang="vie">mảnh</TRANSL><FORM kindOf="phone">mɛŋ⁵</FORM></W><W id="TPO_hang_1517300856565_W34"><AREA image="Lai Pao 2 - page 1" shape="rect" coords="709,328,852,415"></AREA><AUDIO start="84.09723875719745" end="84.41406717365466"/><TRANSL xml:lang="vie">đất</TRANSL><FORM kindOf="phone">di:n¹</FORM></W><W id="TPO_hang_1517300856565_W35"><AREA image="Lai Pao 2 - page 1" shape="rect" coords="783,360,884,409"></AREA><AUDIO start="84.82810606676776" end="85.1251327071964"/><TRANSL xml:lang="vie">Nặm</TRANSL><FORM kindOf="phone">nam⁶</FORM></W><W id="TPO_hang_1517300856565_W36"><AREA image="Lai Pao 2 - page 1" shape="rect" coords="884,355,1072,413"></AREA><AUDIO start="85.1242335054529" end="85.54997169006727"/><TRANSL xml:lang="vie">Hạng</TRANSL><FORM kindOf="phone">ha:ŋ⁴</FORM></W><W id="TPO_hang_1517300856565_W37"><AREA image="Lai Pao 2 - page 1" shape="rect" coords="1079,352,1204,414"></AREA><AUDIO start="86.72547492411907" end="87.08190689263341"/><TRANSL xml:lang="vie">cho</TRANSL><FORM kindOf="phone">hə:⁵</FORM></W><W id="TPO_hang_1517300856565_W38"><AREA image="Lai Pao 2 - page 1" shape="rect" coords="1204,353,1348,409"></AREA><AUDIO start="87.06120591486135" end="87.40773699536142"/><TRANSL xml:lang="vie">cha</TRANSL><FORM kindOf="phone">ʔɛ:ŋ⁶</FORM></W><W id="TPO_hang_1517300856565_W39"><AREA image="Lai Pao 2 - page 1" shape="rect" coords="1349,345,1475,412"></AREA><AUDIO start="87.41763788337572" end="87.47704321146144"/><TRANSL xml:lang="vie">tôi</TRANSL><FORM kindOf="phone">kʰɔ:j⁵</FORM></W></S><S id="TPO_hang_1517300856565_S4"><AREA image="Lai Pao 2 - page 1" shape="rect" coords="60,419,1481,523"></AREA><AUDIO start="111.98345279175315" end="120.35574174577465"/><TRANSL xml:lang="fra">pour le prix de trois barres. A présent, j'ai des difficultés, je (du Conseil) n'ai plus d'argent à dépenser.</TRANSL><TRANSL xml:lang="eng">for the price of three bars. At present, I have to face hardship, I (of the Council) do not have money left to spend.</TRANSL><TRANSL xml:lang="vie">số tiền cầm cố là ba nén. Đến bây giờ, tôi nghèo khó, tôi không có tiền tiêu.</TRANSL><FORM kindOf="phone">mi:² sa:m¹ nɛ:n⁵ ma:² ʔə:n² ni:⁶ kʰo:j⁵ kɔ:⁴ kʰo:n⁵ bɔ:⁴ mi:² ŋən² tiew¹</FORM><W id="TPO_hang_1517300856565_W41"><AREA image="Lai Pao 2 - page 1" shape="rect" coords="74,438,144,513"></AREA><AUDIO start="112.22385836788358" end="112.72880365661224"/><TRANSL xml:lang="vie">có</TRANSL><FORM kindOf="phone">mi:²</FORM></W><W id="TPO_hang_1517300856565_W42"><AREA image="Lai Pao 2 - page 1" shape="rect" coords="140,451,287,510"></AREA><AUDIO start="112.80621235723959" end="113.18244610178252"/><TRANSL xml:lang="vie">ba</TRANSL><FORM kindOf="phone">sa:m¹</FORM></W><W id="TPO_hang_1517300856565_W43"><AREA image="Lai Pao 2 - page 1" shape="rect" coords="289,441,487,510"></AREA><AUDIO start="113.17974849655205" end="113.60548668116644"/><TRANSL xml:lang="vie">nén</TRANSL><FORM kindOf="phone">nɛ:n⁵</FORM></W><W id="TPO_hang_1517300856565_W44"><AREA image="Lai Pao 2 - page 1" shape="rect" coords="479,450,602,504"></AREA><AUDIO start="113.90881740263539" end="114.45336624342121"/><TRANSL xml:lang="vie">(ma:² ʔə:n² ni:⁶): hiện bây giờ</TRANSL><FORM kindOf="phone">ma:²</FORM></W><W id="TPO_hang_1517300856565_W45"><AREA image="Lai Pao 2 - page 1" shape="rect" coords="591,456,774,513"></AREA><AUDIO start="114.76568898232505" end="115.00331029466795"/><TRANSL xml:lang="vie">(ma:² ʔə:n² ni:⁶): hiện bây giờ</TRANSL><FORM kindOf="phone">ʔə:n²</FORM></W><W id="TPO_hang_1517300856565_W46"><AREA image="Lai Pao 2 - page 1" shape="rect" coords="702,426,774,505"></AREA><AUDIO start="114.99701588246354" end="115.35344785097791"/><TRANSL xml:lang="vie">(ma:² ʔə:n² ni:⁶): hiện bây giờ</TRANSL><FORM kindOf="phone">ni:⁶</FORM></W><W id="TPO_hang_1517300856565_W47"><AREA image="Lai Pao 2 - page 1" shape="rect" coords="768,436,924,501"></AREA><AUDIO start="115.48665540388107" end="115.87279003643827"/><TRANSL xml:lang="vie">tôi</TRANSL><FORM kindOf="phone">kʰo:j⁵</FORM></W><W id="TPO_hang_1517300856565_W48"><AREA image="Lai Pao 2 - page 1" shape="rect" coords="921,432,988,500"></AREA><AUDIO start="115.87999331922212" end="116.30573150383647"/><TRANSL xml:lang=""></TRANSL><FORM kindOf="phone">kɔ:⁴</FORM></W><W id="TPO_hang_1517300856565_W49"><AREA image="Lai Pao 2 - page 1" shape="rect" coords="989,417,1110,506"></AREA><AUDIO start="117.88177110159519" end="118.32731106223812"/><TRANSL xml:lang="vie">nghèo, khốn khó</TRANSL><FORM kindOf="phone">kʰo:n⁵</FORM></W><W id="TPO_hang_1517300856565_W50"><AREA image="Lai Pao 2 - page 1" shape="rect" coords="1116,447,1176,497"></AREA><AUDIO start="118.3282102639816" end="118.68464223249595"/><TRANSL xml:lang="vie">không</TRANSL><FORM kindOf="phone">bɔ:⁴</FORM></W><W id="TPO_hang_1517300856565_W51"><AREA image="Lai Pao 2 - page 1" shape="rect" coords="1176,423,1255,493"></AREA><AUDIO start="118.68823903946989" end="119.0941754480557"/><TRANSL xml:lang="vie">có</TRANSL><FORM kindOf="phone">mi:²</FORM></W><W id="TPO_hang_1517300856565_W52"><AREA image="Lai Pao 2 - page 1" shape="rect" coords="1255,419,1359,497"></AREA><AUDIO start="119.44880901308308" end="119.81514186961174"/><TRANSL xml:lang="vie">tiền</TRANSL><FORM kindOf="phone">ŋən²</FORM></W><W id="TPO_hang_1517300856565_W53"><AREA image="Lai Pao 2 - page 1" shape="rect" coords="1360,436,1477,499"></AREA><AUDIO start="119.7737399140676" end="120.1796763226534"/><TRANSL xml:lang="vie">tiêu</TRANSL><FORM kindOf="phone">tiew¹</FORM></W></S><S id="TPO_hang_1517300856565_S5"><AREA image="Lai Pao 2 - page 1" shape="rect" coords="58,508,1477,616"></AREA><AUDIO start="120.64855118534481" end="129.1004015625"/><TRANSL xml:lang="fra">C'est pourquoi,  je prends deux barres au Sieur Ban. Je (nous), c'est pourquoi,</TRANSL><TRANSL xml:lang="eng">In consequence of which, I take two bars from Sir Ban. I (we), therefore,</TRANSL><TRANSL xml:lang="vie">cho nên tôi phải vay Ông Bản hai nén. Vì vậy, tôi,</TRANSL><FORM kindOf="phone">ciŋ⁴ daːj⁵ ʔaːw¹ ŋən² ʔoŋ¹ ba:n⁴ mi:² sɔŋ¹ nɛ:n⁵ kʰɔ:j⁵ ciŋ⁴ daj⁵	</FORM><W id="TPO_hang_1517300856565_W55"><AREA image="Lai Pao 2 - page 1" shape="rect" coords="70,527,165,607"></AREA><AUDIO start="120.70245349127532" end="121.21560252212974"/><TRANSL xml:lang="vie">(ciŋ⁴ daːj⁵): cho nên, vì vậy</TRANSL><FORM kindOf="phone">ciŋ⁴</FORM></W><W id="TPO_hang_1517300856565_W56"><AREA image="Lai Pao 2 - page 1" shape="rect" coords="159,542,238,610"></AREA><AUDIO start="121.92611656485126" end="122.623472940115"/><TRANSL xml:lang="vie">(ciŋ⁴ daːj⁵): cho nên, vì vậy</TRANSL><FORM kindOf="phone">daːj⁵</FORM></W><W id="TPO_hang_1517300856565_W57"><AREA image="Lai Pao 2 - page 1" shape="rect" coords="239,547,342,604"></AREA><AUDIO start="122.95360961003043" end="123.22992062664436"/><TRANSL xml:lang="vie">lấy, vay</TRANSL><FORM kindOf="phone">ʔaːw¹</FORM></W><W id="TPO_hang_1517300856565_W58"><AREA image="Lai Pao 2 - page 1" shape="rect" coords="340,529,436,602"></AREA><AUDIO start="123.23232344286954" end="123.78494547609739"/><TRANSL xml:lang="vie">tiền</TRANSL><FORM kindOf="phone">ŋən²</FORM></W><W id="TPO_hang_1517300856565_W59"><AREA image="Lai Pao 2 - page 1" shape="rect" coords="435,531,526,599"></AREA><AUDIO start="123.92848483466298" end="124.23111118619252"/><TRANSL xml:lang="vie">ông</TRANSL><FORM kindOf="phone">ʔoŋ¹</FORM></W><W id="TPO_hang_1517300856565_W60"><AREA image="Lai Pao 2 - page 1" shape="rect" coords="526,516,731,593"></AREA><AUDIO start="124.23708610354396" end="124.65813146219374"/><TRANSL xml:lang="vie">Bản</TRANSL><FORM kindOf="phone">ba:n⁴</FORM></W><W id="TPO_hang_1517300856565_W61"><AREA image="Lai Pao 2 - page 1" shape="rect" coords="730,509,807,584"></AREA><AUDIO start="125.27893179965119" end="125.63418882101195"/><TRANSL xml:lang="vie">có</TRANSL><FORM kindOf="phone">mi:²</FORM></W><W id="TPO_hang_1517300856565_W62"><AREA image="Lai Pao 2 - page 1" shape="rect" coords="796,524,921,586"></AREA><AUDIO start="125.66888188950422" end="125.73467022679324"/><TRANSL xml:lang="vie">hai</TRANSL><FORM kindOf="phone">sɔŋ¹</FORM></W><W id="TPO_hang_1517300856565_W63"><AREA image="Lai Pao 2 - page 1" shape="rect" coords="924,523,1152,591"></AREA><AUDIO start="126.02772386127586" end="126.44876921992564"/><TRANSL xml:lang="vie">nén</TRANSL><FORM kindOf="phone">nɛ:n⁵</FORM></W><W id="TPO_hang_1517300856565_W64"><AREA image="Lai Pao 2 - page 1" shape="rect" coords="1150,515,1307,585"></AREA><AUDIO start="127.22746156687676" end="127.59587625569533"/><TRANSL xml:lang="vie">tôi</TRANSL><FORM kindOf="phone">kʰɔ:j⁵</FORM></W><W id="TPO_hang_1517300856565_W65"><AREA image="Lai Pao 2 - page 1" shape="rect" coords="1300,499,1412,584"></AREA><AUDIO start="127.5851085551781" end="128.0193115812857"/><TRANSL xml:lang="vie">(ciŋ⁴ daj⁵): cho nên, vì vậy</TRANSL><FORM kindOf="phone">ciŋ⁴</FORM></W><W id="TPO_hang_1517300856565_W66"><AREA image="Lai Pao 2 - page 1" shape="rect" coords="1397,528,1475,595"></AREA><AUDIO start="128.47743997536833" end="128.96427367130713"/><TRANSL xml:lang="vie">(ciŋ⁴ daj⁵): cho nên, vì vậy</TRANSL><FORM kindOf="phono">daj⁵</FORM></W></S><S id="TPO_hang_1517300856565_S6"><AREA image="Lai Pao 2 - page 1" shape="rect" coords="56,606,1480,710"></AREA><AUDIO start="129.0681425915948" end="136.0038213362069"/><TRANSL xml:lang="fra">par ce document, confie le terrain Nặm Hạng au Sieur Ban, [délimité comme suit] depuis le confluent</TRANSL><TRANSL xml:lang="eng">by this document, entrust the plot of land of Nặm Hạng to Sir Ban, [delimited as follows] from the confluence</TRANSL><TRANSL xml:lang="vie">có giấy này, giao đất Nặm Hạng cho Ông Bản, từ cửa</TRANSL><FORM kindOf="phone">mi:² tə:² ni:⁶ ja:w¹ di:n¹ nam⁶ ha:ŋ⁴ hə:⁵ ʔoŋ¹ ba:n⁴ ka:⁴ soːp⁷</FORM><W id="TPO_hang_1517300856565_W68"><AREA image="Lai Pao 2 - page 1" shape="rect" coords="73,627,150,703"></AREA><AUDIO start="129.17240638369145" end="129.61976707725685"/><TRANSL xml:lang="vie">có</TRANSL><FORM kindOf="phone">mi:²</FORM></W><W id="TPO_hang_1517300856565_W69"><AREA image="Lai Pao 2 - page 1" shape="rect" coords="146,642,266,709"></AREA><AUDIO start="129.6018294759179" end="129.864982825074"/><TRANSL xml:lang="vie">giấy</TRANSL><FORM kindOf="phone">tə:²</FORM></W><W id="TPO_hang_1517300856565_W70"><AREA image="Lai Pao 2 - page 1" shape="rect" coords="278,613,364,702"></AREA><AREA image="Lai Pao 2 - page 1" shape="rect" coords="283,659,283,659"></AREA><AUDIO start="129.864982825074" end="130.19392451151916"/><TRANSL xml:lang="vie">này</TRANSL><FORM kindOf="phone">ni:⁶</FORM></W><W id="TPO_hang_1517300856565_W71"><AREA image="Lai Pao 2 - page 1" shape="rect" coords="356,612,532,693"></AREA><AUDIO start="130.60898210353287" end="131.21423480659195"/><TRANSL xml:lang="vie">giao</TRANSL><FORM kindOf="phone">ja:w¹</FORM></W><W id="TPO_hang_1517300856565_W72"><AREA image="Lai Pao 2 - page 1" shape="rect" coords="524,608,652,697"></AREA><AREA image="Lai Pao 2 - page 1" shape="rect" coords="532,657,532,657"></AREA><AUDIO start="131.33744659687798" end="131.69270361823874"/><TRANSL xml:lang="vie">đất</TRANSL><FORM kindOf="phone">di:n¹</FORM></W><W id="TPO_hang_1517300856565_W73"><AREA image="Lai Pao 2 - page 1" shape="rect" coords="574,634,681,695"></AREA><AUDIO start="131.67594815108544" end="132.0180475049884"/><TRANSL xml:lang="vie">Nặm</TRANSL><FORM kindOf="phone">nam⁶</FORM></W><W id="TPO_hang_1517300856565_W74"><AREA image="Lai Pao 2 - page 1" shape="rect" coords="679,624,831,685"></AREA><AUDIO start="132.01087760416667" end="132.51086896756328"/><TRANSL xml:lang="vie">Hạng</TRANSL><FORM kindOf="phone">ha:ŋ⁴</FORM></W><W id="TPO_hang_1517300856565_W75"><AREA image="Lai Pao 2 - page 1" shape="rect" coords="837,630,970,694"></AREA><AUDIO start="132.84339560441933" end="133.21181029323787"/><TRANSL xml:lang="vie">cho</TRANSL><FORM kindOf="phone">hə:⁵</FORM></W><W id="TPO_hang_1517300856565_W76"><AREA image="Lai Pao 2 - page 1" shape="rect" coords="975,617,1083,683"></AREA><AUDIO start="133.15559467299576" end="133.47137869198312"/><TRANSL xml:lang="vie">ông</TRANSL><FORM kindOf="phone">ʔoŋ¹</FORM></W><W id="TPO_hang_1517300856565_W77"><AREA image="Lai Pao 2 - page 1" shape="rect" coords="1082,620,1303,681"></AREA><AUDIO start="133.47018370851285" end="133.864913732247"/><TRANSL xml:lang="vie">Bản</TRANSL><FORM kindOf="phone">ba:n⁴</FORM></W><W id="TPO_hang_1517300856565_W78"><AREA image="Lai Pao 2 - page 1" shape="rect" coords="1299,612,1411,680"></AREA><AUDIO start="135.12924479166668" end="135.55029015031644"/><TRANSL xml:lang="vie">từ</TRANSL><FORM kindOf="phone">ka:³</FORM></W><W id="TPO_hang_1517300856565_W79"><AREA image="Lai Pao 2 - page 1" shape="rect" coords="1399,605,1476,676"></AREA><AUDIO start="135.5155970818242" end="135.91032710555837"/><TRANSL xml:lang="vie">cửa</TRANSL><FORM kindOf="phone">soːp⁷</FORM></W></S><S id="TPO_hang_1517300856565_S7"><AREA image="Lai Pao 2 - page 1" shape="rect" coords="53,699,1481,805"></AREA><AUDIO start="136.06941409852234" end="136.60887846429236"/><TRANSL xml:lang="fra">où le ruisseau Ko Ke se jette dans la rivière [Nặm Hạng], on remonte vers la crête tout droit on coupe court </TRANSL><TRANSL xml:lang="eng">where the Ko Ke stream flows into the [Nặm Hạng] river, one walks up towards the crest straight up, cutting short</TRANSL><TRANSL xml:lang="vie">cửa khe Cây Ke, vào theo sông Nặm [Nặm Hạng] ngược lên đến dông; tắt sang</TRANSL><FORM kindOf="phone">huoj⁵ kɔ:¹ kɛ:² haw⁵ naːm⁶ huoj⁵ hɨn⁵ ha:¹ san¹ taj⁴ lat⁸ hɨn⁵</FORM><W id="TPO_hang_1517300856565_W81"><AREA image="Lai Pao 2 - page 1" shape="rect" coords="77,741,266,801"></AREA><AUDIO start="136.06941409852234" end="136.63519379920797"/><TRANSL xml:lang="vie">khe, suối, sông</TRANSL><FORM kindOf="phone">huoj⁵</FORM></W><W id="TPO_hang_1517300856565_W82"><AREA image="Lai Pao 2 - page 1" shape="rect" coords="266,739,329,798"></AREA><AUDIO start="137.94067932406796" end="138.27401847575058"/><TRANSL xml:lang="vie">Cây</TRANSL><FORM kindOf="phone">kɔ:¹</FORM></W><W id="TPO_hang_1517300856565_W83"><AREA image="Lai Pao 2 - page 1" shape="rect" coords="331,734,451,800"></AREA><AUDIO start="138.28636437025733" end="138.68143299447377"/><TRANSL xml:lang="vie">Ke</TRANSL><FORM kindOf="phone">kɛ:²</FORM></W><W id="TPO_hang_1517300856565_W84"><AREA image="Lai Pao 2 - page 1" shape="rect" coords="451,735,587,794"></AREA><AUDIO start="139.42218666487958" end="139.8913306561366"/><TRANSL xml:lang="vie">vào</TRANSL><FORM kindOf="phone">haw⁵</FORM></W><W id="TPO_hang_1517300856565_W85"><AREA image="Lai Pao 2 - page 1" shape="rect" coords="575,713,682,791"></AREA><AUDIO start="140.12590265176507" end="140.54566306499507"/><TRANSL xml:lang="vie">Nặm Hạng</TRANSL><FORM kindOf="phone">naːm⁶</FORM></W><W id="TPO_hang_1517300856565_W86"><AREA image="Lai Pao 2 - page 1" shape="rect" coords="677,718,876,786"></AREA><AUDIO start="140.5333171704883" end="141.0024611617453"/><TRANSL xml:lang="vie">khe, suối, sông</TRANSL><FORM kindOf="phone">huoj⁵</FORM></W><W id="TPO_hang_1517300856565_W87"><AREA image="Lai Pao 2 - page 1" shape="rect" coords="869,704,1045,784"></AREA><AUDIO start="141.54568052004288" end="141.86667377721872"/><TRANSL xml:lang="vie">lên</TRANSL><FORM kindOf="phone">hɨn⁵</FORM></W><W id="TPO_hang_1517300856565_W88"><AREA image="Lai Pao 2 - page 1" shape="rect" coords="1039,713,1186,773"></AREA><AUDIO start="141.89136556623225" end="142.15062935087428"/><TRANSL xml:lang="vie">theo</TRANSL><FORM kindOf="phone">ha:¹</FORM></W><W id="TPO_hang_1517300856565_W89"><AREA image="Lai Pao 2 - page 1" shape="rect" coords="1174,703,1254,776"></AREA><AUDIO start="142.20001292890134" end="142.5580438695975"/><TRANSL xml:lang="vie">(san¹ taj⁴): dông, sườn núi</TRANSL><FORM kindOf="phone">san¹</FORM></W><W id="TPO_hang_1517300856565_W90"><AREA image="Lai Pao 2 - page 1" shape="rect" coords="1250,719,1323,778"></AREA><AUDIO start="142.54569797509072" end="142.9531124938139"/><TRANSL xml:lang="vie">(san¹ taj⁴): dông, sườn núi</TRANSL><FORM kindOf="phone">taj⁴</FORM></W><W id="TPO_hang_1517300856565_W91"><AREA image="Lai Pao 2 - page 1" shape="rect" coords="1318,694,1378,769"></AREA><AUDIO start="143.54571543013856" end="143.82967100379412"/><TRANSL xml:lang="vie">tắt ngang, lách</TRANSL><FORM kindOf="phone">lat⁸</FORM></W><W id="TPO_hang_1517300856565_W92"><AREA image="Lai Pao 2 - page 1" shape="rect" coords="1365,698,1476,775"></AREA><AUDIO start="143.85436279280765" end="144.42227394011877"/><TRANSL xml:lang="vie">lên</TRANSL><FORM kindOf="phone">hɨn⁵</FORM></W></S><S id="TPO_hang_1517300856565_S8"><AREA image="Lai Pao 2 - page 2" shape="rect" coords="49,34,1669,157"></AREA><AUDIO start="146.67191456805082" end="152.99524756025673"/><TRANSL xml:lang="fra">jusqu'au rocher Phả Hông, puis vers le versant d'en face, [à partir du confluent] avec la rivière Nặm Hạng,</TRANSL><TRANSL xml:lang="eng">up to the Phả Hông rock, then towards the opposite side, [from the confluence] with the Nặm Hạng river,</TRANSL><TRANSL xml:lang="vie">đến hòn Phả Hông, phía bên đối diện với sông Nặm Hạng, ngược lên</TRANSL><FORM kindOf="phone">sə:⁴ pʰa:¹ hoŋ² fɨəŋ⁶ fak⁸ na:⁵ haw⁵ nam⁶ huoj⁵ hɨn⁵</FORM><W id="TPO_hang_1517300856565_W94"><AREA image="Lai Pao 2 - page 2" shape="rect" coords="60,65,189,149"></AREA><AUDIO start="147.06429536456616" end="147.39763451624876"/><TRANSL xml:lang="vie">cho đến</TRANSL><FORM kindOf="phone">sə:⁴</FORM></W><W id="TPO_hang_1517300856565_W95"><AREA image="Lai Pao 2 - page 2" shape="rect" coords="190,83,367,138"></AREA><AUDIO start="148.75568291199272" end="149.0766761691686"/><TRANSL xml:lang="vie">Phá</TRANSL><FORM kindOf="phone">pʰa:¹</FORM></W><W id="TPO_hang_1517300856565_W96"><AREA image="Lai Pao 2 - page 2" shape="rect" coords="365,63,497,142"></AREA><AUDIO start="149.0766761691686" end="149.45939889887825"/><TRANSL xml:lang="vie">Hông</TRANSL><FORM kindOf="phone">hoŋ²</FORM></W><W id="TPO_hang_1517300856565_W97"><AREA image="Lai Pao 2 - page 2" shape="rect" coords="499,52,669,144"></AREA><AUDIO start="149.61989552746618" end="149.97792646816234"/><TRANSL xml:lang="vie">(fɨəŋ⁶ fak⁸ na:⁵): phía đối diện, phía bên kia</TRANSL><FORM kindOf="phone">fɨəŋ⁶</FORM></W><W id="TPO_hang_1517300856565_W98"><AREA image="Lai Pao 2 - page 2" shape="rect" coords="652,50,865,145"></AREA><AUDIO start="150.00261825717584" end="150.2124984637908"/><TRANSL xml:lang="vie">(fɨəŋ⁶ fak⁸ na:⁵): phía đối diện, phía bên kia</TRANSL><FORM kindOf="phone">fak⁸</FORM></W><W id="TPO_hang_1517300856565_W99"><AREA image="Lai Pao 2 - page 2" shape="rect" coords="864,74,1029,146"></AREA><AUDIO start="150.2248443582976" end="150.68164245504784"/><TRANSL xml:lang="vie">(fɨəŋ⁶ fak⁸ na:⁵): phía đối diện, phía bên kia</TRANSL><FORM kindOf="phone">na:⁵</FORM></W><W id="TPO_hang_1517300856565_W100"><AREA image="Lai Pao 2 - page 2" shape="rect" coords="1024,79,1171,137"></AREA><AUDIO start="151.36066665291983" end="151.69400580460243"/><TRANSL xml:lang="vie">vào</TRANSL><FORM kindOf="phone">haw⁵</FORM></W><W id="TPO_hang_1517300856565_W101"><AREA image="Lai Pao 2 - page 2" shape="rect" coords="1162,67,1276,143"></AREA><AUDIO start="151.7063516991092" end="152.05203674529858"/><TRANSL xml:lang="vie">Nặm </TRANSL><FORM kindOf="phone">nam⁶</FORM></W><W id="TPO_hang_1517300856565_W102"><AREA image="Lai Pao 2 - page 2" shape="rect" coords="1282,69,1520,141"></AREA><AUDIO start="152.0396908507918" end="152.44710536951501"/><TRANSL xml:lang="vie">khe</TRANSL><FORM kindOf="phone">huoj⁵</FORM></W><W id="TPO_hang_1517300856565_W103"><AREA image="Lai Pao 2 - page 2" shape="rect" coords="1516,50,1664,140"></AREA><AUDIO start="152.58291020908942" end="152.95328704429232"/><TRANSL xml:lang="vie">lên</TRANSL><FORM kindOf="phone">hɨn⁵</FORM></W></S><S id="TPO_hang_1517300856565_S9"><AREA image="Lai Pao 2 - page 2" shape="rect" coords="52,145,1661,273"></AREA><AUDIO start="168.1303278202273" end="174.48679676700968"/><TRANSL xml:lang="fra">on remonte vers la crête tout droit on coupe court jusqu'au rocher Phả Nỏn, des deux côtés</TRANSL><TRANSL xml:lang="eng">one walks up towards the crest straight up, cutting short to the Phả Nỏn rock, on both sides</TRANSL><TRANSL xml:lang="vie">đến dông tắt lên đến Phả Nón, cả hai bên triền</TRANSL><FORM kindOf="phone">hɨn⁵ ha:¹ san¹ taj⁴ lat⁸ haw⁵ sə:⁴ pʰa:¹ nɔ:n¹ təŋ² sɔ:ŋ¹ fɨəŋ⁶</FORM><W id="TPO_hang_1517300856565_W105"><AREA image="Lai Pao 2 - page 2" shape="rect" coords="86,153,264,252"></AREA><AUDIO start="168.17630589579173" end="168.50964694363387"/><TRANSL xml:lang="vie">lên</TRANSL><FORM kindOf="phone">hɨn⁵</FORM></W><W id="TPO_hang_1517300856565_W106"><AREA image="Lai Pao 2 - page 2" shape="rect" coords="261,185,422,247"></AREA><AUDIO start="168.54413050030718" end="168.88896606704037"/><TRANSL xml:lang="vie">theo</TRANSL><FORM kindOf="phone">ha:¹</FORM></W><W id="TPO_hang_1517300856565_W107"><AREA image="Lai Pao 2 - page 2" shape="rect" coords="416,171,504,253"></AREA><AUDIO start="168.9119551048226" end="169.31426326601135"/><TRANSL xml:lang="vie">(san¹ taj⁴): dông, sườn núi</TRANSL><FORM kindOf="phone">san¹</FORM></W><W id="TPO_hang_1517300856565_W108"><AREA image="Lai Pao 2 - page 2" shape="rect" coords="498,179,599,275"></AREA><AUDIO start="169.30276874712027" end="169.76254950276456"/><TRANSL xml:lang="vie">(san¹ taj⁴): dông, sườn núi</TRANSL><FORM kindOf="phone">taj⁴</FORM></W><W id="TPO_hang_1517300856565_W109"><AREA image="Lai Pao 2 - page 2" shape="rect" coords="595,165,681,257"></AREA><AUDIO start="170.0039343994778" end="170.40624256066658"/><TRANSL xml:lang="vie">tắt ngang, lách</TRANSL><FORM kindOf="phone">lat⁸</FORM></W><W id="TPO_hang_1517300856565_W110"><AREA image="Lai Pao 2 - page 2" shape="rect" coords="658,190,800,252"></AREA><AUDIO start="170.53268226846876" end="170.90050687298418"/><TRANSL xml:lang="vie">vào</TRANSL><FORM kindOf="phone">haw⁵</FORM></W><W id="TPO_hang_1517300856565_W111"><AREA image="Lai Pao 2 - page 2" shape="rect" coords="792,188,899,281"></AREA><AUDIO start="170.88901235409307" end="171.3832766664107"/><TRANSL xml:lang="vie">đến</TRANSL><FORM kindOf="phone">sə:⁴</FORM></W><W id="TPO_hang_1517300856565_W112"><AREA image="Lai Pao 2 - page 2" shape="rect" coords="905,193,1037,251"></AREA><AUDIO start="172.14191491322376" end="172.44077240439256"/><TRANSL xml:lang="vie">Phả</TRANSL><FORM kindOf="phone">pʰa:¹</FORM></W><W id="TPO_hang_1517300856565_W113"><AREA image="Lai Pao 2 - page 2" shape="rect" coords="1028,177,1240,246"></AREA><AUDIO start="172.42927788550148" end="172.84308056558132"/><TRANSL xml:lang="vie">Nón</TRANSL><FORM kindOf="phone">nɔ:n¹</FORM></W><W id="TPO_hang_1517300856565_W114"><AREA image="Lai Pao 2 - page 2" shape="rect" coords="1236,154,1360,248"></AREA><AUDIO start="173.4407955479189" end="173.7166640013055"/><TRANSL xml:lang="vie">cả</TRANSL><FORM kindOf="phone">təŋ²</FORM></W><W id="TPO_hang_1517300856565_W115"><AREA image="Lai Pao 2 - page 2" shape="rect" coords="1354,184,1475,248"></AREA><AUDIO start="173.7396530390877" end="174.16495023805865"/><TRANSL xml:lang="vie">hai</TRANSL><FORM kindOf="phone">sɔ:ŋ¹</FORM></W><W id="TPO_hang_1517300856565_W116"><AREA image="Lai Pao 2 - page 2" shape="rect" coords="1480,160,1632,246"></AREA><AUDIO start="174.21092831362307" end="174.45231321033637"/><TRANSL xml:lang="vie">bên</TRANSL><FORM kindOf="phone">fɨəŋ⁶</FORM></W></S><S id="TPO_hang_1517300856565_S10"><AREA image="Lai Pao 2 - page 2" shape="rect" coords="54,255,1666,372"></AREA><AUDIO start="174.50106450509134" end="180.0583882720671"/><TRANSL xml:lang="fra">de cette rivière Nặm Hạng jusqu'au col Kèm Ôm. Moi [Cương], reçois deux barres,</TRANSL><TRANSL xml:lang="eng">of this Nặm Hạng river, up to the Kèm Ôm pass. I [Cương], receive two bars,</TRANSL><TRANSL xml:lang="vie">sông Nặm Hạng vào đến Đèo Ồm. Tôi [Cương] nhận hai nén,</TRANSL><FORM kindOf="phone">nam⁶ haw⁵ hɔt⁸ kɛ:m⁶ ʔɔːm⁵ kʰɔ:j⁵ kəm² mi:² ŋən² sɔŋ¹ nɛ:n⁵</FORM><W id="TPO_hang_1517300856565_W118"><AREA image="Lai Pao 2 - page 2" shape="rect" coords="81,275,189,365"></AREA><AUDIO start="174.5097858047919" end="174.8201378148518"/><TRANSL xml:lang="vie">Nặm Hạng</TRANSL><FORM kindOf="phone">nam⁶</FORM></W><W id="TPO_hang_1517300856565_W119"><AREA image="Lai Pao 2 - page 2" shape="rect" coords="198,292,347,350"></AREA><AUDIO start="175.6132596183382" end="175.9466006661803"/><TRANSL xml:lang="vie">vào</TRANSL><FORM kindOf="phone">haw⁵</FORM></W><W id="TPO_hang_1517300856565_W120"><AREA image="Lai Pao 2 - page 2" shape="rect" coords="341,292,514,352"></AREA><AUDIO start="175.9351061472892" end="176.21097460067577"/><TRANSL xml:lang="vie">đến</TRANSL><FORM kindOf="phone">hɔt⁸</FORM></W><W id="TPO_hang_1517300856565_W121"><AREA image="Lai Pao 2 - page 2" shape="rect" coords="513,295,726,352"></AREA><AUDIO start="176.2569526762402" end="176.5328211296268"/><TRANSL xml:lang="vie">đèo</TRANSL><FORM kindOf="phone">kɛ:m⁶</FORM></W><W id="TPO_hang_1517300856565_W122"><AREA image="Lai Pao 2 - page 2" shape="rect" coords="722,286,862,351"></AREA><AUDIO start="176.555810167409" end="176.85466765857777"/><TRANSL xml:lang="vie">Ôm</TRANSL><FORM kindOf="phone">ʔɔːm⁵</FORM></W><W id="TPO_hang_1517300856565_W123"><AREA image="Lai Pao 2 - page 2" shape="rect" coords="857,284,1002,347"></AREA><AUDIO start="177.70526205651976" end="178.09607569881737"/><TRANSL xml:lang="vie">tôi</TRANSL><FORM kindOf="phone">kʰɔ:j⁵</FORM></W><W id="TPO_hang_1517300856565_W124"><AREA image="Lai Pao 2 - page 2" shape="rect" coords="990,278,1150,346"></AREA><AUDIO start="178.10757021770848" end="178.3029770388573"/><TRANSL xml:lang="vie">cầm cố</TRANSL><FORM kindOf="phone">kəm²</FORM></W><W id="TPO_hang_1517300856565_W125"><AREA image="Lai Pao 2 - page 2" shape="rect" coords="1139,253,1232,340"></AREA><AUDIO start="178.36044963331287" end="178.64781260559053"/><TRANSL xml:lang="vie">có</TRANSL><FORM kindOf="phone">mi:²</FORM></W><W id="TPO_hang_1517300856565_W126"><AREA image="Lai Pao 2 - page 2" shape="rect" coords="1232,266,1369,348"></AREA><AUDIO start="178.64781260559053" end="179.1765604745815"/><TRANSL xml:lang="vie">tiền</TRANSL><FORM kindOf="phone">ŋən²</FORM></W><W id="TPO_hang_1517300856565_W127"><AREA image="Lai Pao 2 - page 2" shape="rect" coords="1374,269,1514,338"></AREA><AUDIO start="179.23403306903703" end="179.48691248464138"/><TRANSL xml:lang="vie">hai</TRANSL><FORM kindOf="phone">sɔŋ¹</FORM></W><W id="TPO_hang_1517300856565_W128"><AREA image="Lai Pao 2 - page 2" shape="rect" coords="1516,273,1668,341"></AREA><AUDIO start="179.49840700353246" end="179.92370420250344"/><TRANSL xml:lang="vie">nén</TRANSL><FORM kindOf="phone">nɛ:(n)⁵</FORM></W></S><S id="TPO_hang_1517300856565_S11"><AREA image="Lai Pao 2 - page 2" shape="rect" coords="63,364,1663,483"></AREA><AUDIO start="180.92723240082734" end="186.63209573683784"/><TRANSL xml:lang="fra">une barre [la 3ème] on n'en parle plus. Plus tard, si le Conseil de la Commune veut revenir sur cette décision,</TRANSL><TRANSL xml:lang="eng">one bar [the 3rd] is not talked about anymore (=there is no talk of a third bar). Later, in case the Commune Council were to go back  on this decision,</TRANSL><TRANSL xml:lang="vie">Một nén thì tôi không nhắc nữa. Sau này hàng xã chuộc được</TRANSL><FORM kindOf="phone">nɛ:n⁵ nɨ:ŋ⁴ kʰɔ:j⁵ bɔ:³ va:⁴ nɨa⁴ mɨa² na:⁵ ha:ŋ² sa:⁵ cuok⁸ daj⁵</FORM><W id="TPO_hang_1517300856565_W130"><AREA image="Lai Pao 2 - page 2" shape="rect" coords="167,380,422,461"></AREA><AUDIO start="181.03867253494087" end="181.4064971394563"/><TRANSL xml:lang="vie">nén</TRANSL><FORM kindOf="phone">nɛ:n⁵</FORM></W><W id="TPO_hang_1517300856565_W131"><AREA image="Lai Pao 2 - page 2" shape="rect" coords="327,366,467,453"></AREA><AUDIO start="181.3835081016741" end="181.79731078175396"/><TRANSL xml:lang="vie">một</TRANSL><FORM kindOf="phone">nɨ:ŋ⁴</FORM></W><W id="TPO_hang_1517300856565_W132"><AREA image="Lai Pao 2 - page 2" shape="rect" coords="467,385,622,454"></AREA><AUDIO start="181.82029981953616" end="182.13065182959605"/><TRANSL xml:lang="vie">tôi</TRANSL><FORM kindOf="phone">kʰɔ:j⁵</FORM></W><W id="TPO_hang_1517300856565_W133"><AREA image="Lai Pao 2 - page 2" shape="rect" coords="612,380,672,447"></AREA><AUDIO start="182.13065182959605" end="182.42950932076485"/><TRANSL xml:lang="vie">không</TRANSL><FORM kindOf="phone">bɔ:³</FORM></W><W id="TPO_hang_1517300856565_W134"><AREA image="Lai Pao 2 - page 2" shape="rect" coords="664,374,763,448"></AREA><AUDIO start="182.40652028298265" end="182.659399698587"/><TRANSL xml:lang="vie">nói</TRANSL><FORM kindOf="phone">va:⁴</FORM></W><W id="TPO_hang_1517300856565_W135"><AREA image="Lai Pao 2 - page 2" shape="rect" coords="760,365,847,451"></AREA><AUDIO start="182.659399698587" end="183.05021334088465"/><TRANSL xml:lang="vie">nữa</TRANSL><FORM kindOf="phone">nɨa⁴</FORM></W><W id="TPO_hang_1517300856565_W136"><AREA image="Lai Pao 2 - page 2" shape="rect" coords="840,376,941,450"></AREA><AUDIO start="183.02722430310246" end="183.31458727538012"/><TRANSL xml:lang="vie">(mɨa² na:⁵): sau này</TRANSL><FORM kindOf="phone">mɨa²</FORM></W><W id="TPO_hang_1517300856565_W137"><AREA image="Lai Pao 2 - page 2" shape="rect" coords="926,381,1085,453"></AREA><AUDIO start="183.31458727538012" end="183.7398844743511"/><TRANSL xml:lang="vie">(mɨa² na:⁵): sau này</TRANSL><FORM kindOf="phone">na:⁵</FORM></W><W id="TPO_hang_1517300856565_W138"><AREA image="Lai Pao 2 - page 2" shape="rect" coords="1081,385,1263,453"></AREA><AUDIO start="184.25713782445092" end="184.60197339118415"/><TRANSL xml:lang="vie">hàng</TRANSL><FORM kindOf="phone">ha:ŋ²</FORM></W><W id="TPO_hang_1517300856565_W139"><AREA image="Lai Pao 2 - page 2" shape="rect" coords="1278,397,1406,481"></AREA><AUDIO start="184.62496242896637" end="185.09623770350177"/><TRANSL xml:lang="vie">xã</TRANSL><FORM kindOf="phone">sa:⁵</FORM></W><W id="TPO_hang_1517300856565_W140"><AREA image="Lai Pao 2 - page 2" shape="rect" coords="1399,362,1575,451"></AREA><AUDIO start="186.02729373368146" end="186.2686786303947"/><TRANSL xml:lang="vie">chuộc, lấy lại</TRANSL><FORM kindOf="phone">cuok⁸</FORM></W><W id="TPO_hang_1517300856565_W141"><AREA image="Lai Pao 2 - page 2" shape="rect" coords="1586,392,1665,469"></AREA><AUDIO start="186.2686786303947" end="186.62500871601904"/><TRANSL xml:lang="vie">được</TRANSL><FORM kindOf="phone">daj⁵</FORM></W></S><S id="TPO_hang_1517300856565_S12"><AREA image="Lai Pao 2 - page 2" shape="rect" coords="62,475,1664,599"></AREA><AUDIO start="186.64126124901756" end="193.69986551938695"/><TRANSL xml:lang="fra">à n'importe quel moment, [moi du Conseil] rendrai les deux barres au Sieur Ban</TRANSL><TRANSL xml:lang="eng">at any time, [I, from the Council] shall hand back the two bars to Sir Ban</TRANSL><TRANSL xml:lang="vie">khi nào, [Tôi, thuộc hàng xã] sẽ chỉ chuộc hai nén với Ông Bản</TRANSL><FORM kindOf="phone">ɲa:m² lə:² kɔ:⁴ hə:⁵ cuok⁸ sɔŋ¹ nɛ:n⁵ nam² ʔo:ŋ¹ ba:n⁴</FORM><W id="TPO_hang_1517300856565_W143"><AREA image="Lai Pao 2 - page 2" shape="rect" coords="85,510,312,573"></AREA><AUDIO start="186.65949227269238" end="186.98133880164335"/><TRANSL xml:lang="vie">(ɲa:m² lə:²): khi nào</TRANSL><FORM kindOf="phone">ɲa:m²</FORM></W><W id="TPO_hang_1517300856565_W144"><AREA image="Lai Pao 2 - page 2" shape="rect" coords="303,513,412,587"></AREA><AUDIO start="186.98133880164335" end="187.30318533059437"/><TRANSL xml:lang="vie">(ɲa:m² lə:²): khi nào</TRANSL><FORM kindOf="phone">lə:²</FORM></W><W id="TPO_hang_1517300856565_W145"><AREA image="Lai Pao 2 - page 2" shape="rect" coords="412,508,502,580"></AREA><AUDIO start="188.9124179753494" end="189.31472613653816"/><TRANSL xml:lang=""></TRANSL><FORM kindOf="phone">kɔ:⁴</FORM></W><W id="TPO_hang_1517300856565_W146"><AREA image="Lai Pao 2 - page 2" shape="rect" coords="492,508,647,582"></AREA><AUDIO start="189.8204849677469" end="190.32624379895563"/><TRANSL xml:lang="vie">cho</TRANSL><FORM kindOf="phone">hə:⁵</FORM></W><W id="TPO_hang_1517300856565_W147"><AREA image="Lai Pao 2 - page 2" shape="rect" coords="647,480,826,563"></AREA><AUDIO start="190.53314513899554" end="190.83200263016434"/><TRANSL xml:lang="vie">chuộc, lấy lại</TRANSL><FORM kindOf="phone">cuok⁸</FORM></W><W id="TPO_hang_1517300856565_W148"><AREA image="Lai Pao 2 - page 2" shape="rect" coords="819,507,968,564"></AREA><AUDIO start="191.31477242359085" end="191.5561573203041"/><TRANSL xml:lang="vie">hai</TRANSL><FORM kindOf="phone">sɔŋ¹</FORM></W><W id="TPO_hang_1517300856565_W149"><AREA image="Lai Pao 2 - page 2" shape="rect" coords="967,491,1227,566"></AREA><AUDIO start="191.5676518391952" end="192.01593807594838"/><TRANSL xml:lang="vie">nén</TRANSL><FORM kindOf="phone">nɛ:n⁵</FORM></W><W id="TPO_hang_1517300856565_W150"><AREA image="Lai Pao 2 - page 2" shape="rect" coords="1136,488,1262,559"></AREA><AUDIO start="192.4757188315927" end="192.8205543983259"/><TRANSL xml:lang="vie">với</TRANSL><FORM kindOf="phone">nam²</FORM></W><W id="TPO_hang_1517300856565_W151"><AREA image="Lai Pao 2 - page 2" shape="rect" coords="1261,488,1383,561"></AREA><AUDIO start="192.79756536054367" end="193.0964228517125"/><TRANSL xml:lang="vie">ông</TRANSL><FORM kindOf="phone">ʔo:ŋ¹</FORM></W><W id="TPO_hang_1517300856565_W152"><AREA image="Lai Pao 2 - page 2" shape="rect" coords="1377,481,1593,557"></AREA><AUDIO start="193.0964228517125" end="193.51022553179234"/><TRANSL xml:lang="vie">Bản</TRANSL><FORM kindOf="phone">ba:n⁴</FORM></W></S><S id="TPO_hang_1517300856565_S13"><AREA image="Lai Pao 2 - page 2" shape="rect" coords="61,588,1653,732"></AREA><AUDIO start="193.93515232839925" end="205.8465470346476"/><TRANSL xml:lang="fra">Si cela ne peut se faire, alors ce lopin sera cédé à un autre qui pourra en user toujours, sans limite de temps. C'est ainsi notifié.</TRANSL><TRANSL xml:lang="eng">In case this does not happen, then this plot of land shall be ceded to another [person] who may use it forever, without a limit of time. This is what is notified.</TRANSL><TRANSL xml:lang="vie">Nếu chưa chuộc được thì cho ông ăn mãi, không kể mấy năm. Điều này đã được thông báo.</TRANSL><FORM kindOf="phone">cuok⁸ paj² daj⁵ kɔ:⁴ hə:⁵ ŋa:j² ki:n¹ ma:j⁶ bɔ:⁴ va:⁴ ki:¹ pi:¹ tɨ:¹ tə:²</FORM><W id="TPO_hang_1517300856565_W154"><AREA image="Lai Pao 2 - page 2" shape="rect" coords="76,621,203,697"></AREA><AUDIO start="194.10794051412992" end="194.37231444862542"/><TRANSL xml:lang="vie">chuộc, lấy lại</TRANSL><FORM kindOf="phone">cuok⁸</FORM></W><W id="TPO_hang_1517300856565_W155"><AREA image="Lai Pao 2 - page 2" shape="rect" coords="200,637,305,718"></AREA><AUDIO start="196.1194813200737" end="196.4183388112425"/><TRANSL xml:lang="vie">chưa</TRANSL><FORM kindOf="phone">paj²</FORM></W><W id="TPO_hang_1517300856565_W156"><AREA image="Lai Pao 2 - page 2" shape="rect" coords="304,632,404,710"></AREA><AUDIO start="196.3953497734603" end="196.90110860466902"/><TRANSL xml:lang="vie">được</TRANSL><FORM kindOf="phone">daj⁵</FORM></W><W id="TPO_hang_1517300856565_W157"><AREA image="Lai Pao 2 - page 2" shape="rect" coords="405,631,471,703"></AREA><AUDIO start="198.87816585393946" end="199.36093564736598"/><TRANSL xml:lang=""></TRANSL><FORM kindOf="phone">kɔ:⁴</FORM></W><W id="TPO_hang_1517300856565_W158"><AREA image="Lai Pao 2 - page 2" shape="rect" coords="464,645,628,713"></AREA><AUDIO start="201.2690257832898" end="201.60236683113192"/><TRANSL xml:lang="vie">cho</TRANSL><FORM kindOf="phone">hə:⁵</FORM></W><W id="TPO_hang_1517300856565_W159"><AREA image="Lai Pao 2 - page 2" shape="rect" coords="629,628,825,700"></AREA><AUDIO start="201.5908723122408" end="202.039158548994"/><TRANSL xml:lang="vie">ngài, ông</TRANSL><FORM kindOf="phone">ŋa:j²</FORM></W><W id="TPO_hang_1517300856565_W160"><AREA image="Lai Pao 2 - page 2" shape="rect" coords="837,607,995,693"></AREA><AUDIO start="202.53342286131164" end="202.84377487137152"/><TRANSL xml:lang=""></TRANSL><FORM kindOf="phone">ki:n¹</FORM></W><W id="TPO_hang_1517300856565_W161"><AREA image="Lai Pao 2 - page 2" shape="rect" coords="992,621,1196,683"></AREA><AUDIO start="202.8322803524804" end="203.2920611081247"/><TRANSL xml:lang="vie">mãi mãi</TRANSL><FORM kindOf="phone">ma:j⁶</FORM></W><W id="TPO_hang_1517300856565_W162"><AREA image="Lai Pao 2 - page 2" shape="rect" coords="1182,610,1257,680"></AREA><AUDIO start="203.4414898537091" end="203.78632542044232"/><TRANSL xml:lang="vie">không</TRANSL><FORM kindOf="phone">bɔ:⁴</FORM></W><W id="TPO_hang_1517300856565_W163"><AREA image="Lai Pao 2 - page 2" shape="rect" coords="1212,678,1301,722"></AREA><AUDIO start="203.7748309015512" end="204.11966646828444"/><TRANSL xml:lang="vie">nói, kể</TRANSL><FORM kindOf="phone">va:⁴</FORM></W><W id="TPO_hang_1517300856565_W164"><AREA image="Lai Pao 2 - page 2" shape="rect" coords="1247,607,1311,683"></AREA><AUDIO start="204.13116098717555" end="204.39553492167101"/><TRANSL xml:lang="vie">mấy, bao nhiêu</TRANSL><FORM kindOf="phone">ki:¹</FORM></W><W id="TPO_hang_1517300856565_W165"><AREA image="Lai Pao 2 - page 2" shape="rect" coords="1302,594,1383,683"></AREA><AUDIO start="204.3840404027799" end="204.77485404507755"/><TRANSL xml:lang="vie">năm</TRANSL><FORM kindOf="phone">pi:¹</FORM></W><W id="TPO_hang_1517300856565_W166"><AREA image="Lai Pao 2 - page 2" shape="rect" coords="1366,578,1455,675"></AREA><AUDIO start="205.02773346068193" end="205.28061287628628"/><TRANSL xml:lang="vie">cầm, mang</TRANSL><FORM kindOf="phone">tɨ:¹</FORM></W><W id="TPO_hang_1517300856565_W167"><AREA image="Lai Pao 2 - page 2" shape="rect" coords="1462,610,1599,692"></AREA><AUDIO start="205.2921073951774" end="205.63694296191062"/><TRANSL xml:lang="vie">tờ (cầm cố)</TRANSL><FORM kindOf="phone">tə:²</FORM></W></S><S id="TPO_hang_1517300856565_S14"><AREA image="Lai Pao 2 - page 3" shape="rect" coords="62,420,1611,560"></AREA><AUDIO start="209.2483973613616" end="217.57166823017218"/><TRANSL xml:lang="fra">3ème année de règne du Roi Thành Thái =1892, 6ème mois lunaire, 1er jour du mois lunaire.</TRANSL><TRANSL xml:lang="eng">Third year of reign of King Thành Thái =1892, 6th lunar month, 1st day of the lunar month.</TRANSL><TRANSL xml:lang="vie">Năm Thành Thái thứ ba, tháng sáu, ngày mùng một.</TRANSL><FORM kindOf="phone">tʰɛŋ⁵ tʰa:j¹ ta:m² nien² luk⁸ ŋwat⁸ tʰə:⁵ ɲət⁷ ɲət⁸</FORM><W id="TPO_hang_1517300856565_W169"><AREA image="Lai Pao 2 - page 3" shape="rect" coords="78,462,249,539"></AREA><AUDIO start="209.5680684226693" end="209.94738754607587"/><TRANSL xml:lang="vie">Thành</TRANSL><FORM kindOf="phone">tʰɛŋ⁵</FORM></W><W id="TPO_hang_1517300856565_W170"><AREA image="Lai Pao 2 - page 3" shape="rect" coords="251,461,428,540"></AREA><AUDIO start="209.92439850829365" end="210.31521215059132"/><TRANSL xml:lang="vie">Thái</TRANSL><FORM kindOf="phone">tʰa:j¹</FORM></W><W id="TPO_hang_1517300856565_W171"><AREA image="Lai Pao 2 - page 3" shape="rect" coords="424,477,622,535"></AREA><AUDIO start="210.3267066694824" end="210.59108060397787"/><TRANSL xml:lang="vie">ba</TRANSL><FORM kindOf="phone">ta:m²</FORM></W><W id="TPO_hang_1517300856565_W172"><AREA image="Lai Pao 2 - page 3" shape="rect" coords="618,454,838,531"></AREA><AUDIO start="210.59108060397787" end="210.98189424627554"/><TRANSL xml:lang="vie">năm</TRANSL><FORM kindOf="phone">nien²</FORM></W><W id="TPO_hang_1517300856565_W173"><AREA image="Lai Pao 2 - page 3" shape="rect" coords="830,480,940,548"></AREA><AUDIO start="213.06240216556597" end="213.38424869451697"/><TRANSL xml:lang="vie">sáu</TRANSL><FORM kindOf="phone">luk⁸</FORM></W><W id="TPO_hang_1517300856565_W174"><AREA image="Lai Pao 2 - page 3" shape="rect" coords="945,470,1117,531"></AREA><AUDIO start="213.39574321340808" end="213.83253493127015"/><TRANSL xml:lang="vie">tháng</TRANSL><FORM kindOf="phone">ŋwat⁸</FORM></W><W id="TPO_hang_1517300856565_W176"><AREA image="Lai Pao 2 - page 3" shape="rect" coords="1120,457,1264,541"></AREA><AUDIO start="214.5337005836277" end="215.02796489594533"/><TRANSL xml:lang="vie">thứ</TRANSL><FORM kindOf="phone">tʰə:⁵</FORM></W><W id="TPO_hang_1517300856565_W177"><AREA image="Lai Pao 2 - page 3" shape="rect" coords="1276,441,1423,536"></AREA><AUDIO start="216.71765917293808" end="216.9935276263247"/><TRANSL xml:lang="vie">nhất</TRANSL><FORM kindOf="phone">ɲət⁷</FORM></W><W id="TPO_hang_1517300856565_W178"><AREA image="Lai Pao 2 - page 3" shape="rect" coords="1428,436,1583,533"></AREA><AUDIO start="216.9935276263247" end="217.30387963638458"/><TRANSL xml:lang="vie">ngày</TRANSL><FORM kindOf="phone">ɲət⁸</FORM></W></S><S id="TPO_hang_1517300856565_S15"><AREA image="Lai Pao 2 - page 3" shape="rect" coords="1085,643,1624,763"></AREA><AREA image="Lai Pao 2 - page 3" shape="rect" coords="1089,704,1089,704"></AREA><AUDIO start="217.83636589031104" end="219.306908446638"/><TRANSL xml:lang="fra">Moi soussigné, Cương [ancien Chef de Canton] a signé,</TRANSL><TRANSL xml:lang="eng">I, undersigned, Cương [former Head of Township] have signed,</TRANSL><TRANSL xml:lang="vie">Tôi tổng Cương kí,</TRANSL><FORM kindOf="phone">kʰɔ:j⁵ soːŋ⁴ kɨəŋ¹ ki:⁵</FORM><W id="TPO_hang_1517300856565_W180"><AREA image="Lai Pao 2 - page 3" shape="rect" coords="1098,659,1258,739"></AREA><AUDIO start="218.02803432652433" end="218.29240826101983"/><TRANSL xml:lang="vie">tôi</TRANSL><FORM kindOf="phone">kʰɔ:j⁵</FORM></W><W id="TPO_hang_1517300856565_W181"><AREA image="Lai Pao 2 - page 3" shape="rect" coords="1246,667,1358,747"></AREA><AUDIO start="218.3039027799109" end="218.63724382775303"/><TRANSL xml:lang="vie">chánh tổng</TRANSL><FORM kindOf="phono">soːŋ⁴</FORM></W><W id="TPO_hang_1517300856565_W183"><AREA image="Lai Pao 2 - page 3" shape="rect" coords="1355,677,1483,757"></AREA><AUDIO start="218.63724382775303" end="218.92460680003072"/><TRANSL xml:lang="vie">Cương</TRANSL><FORM kindOf="phone">kɨəŋ¹</FORM></W><W id="TPO_hang_1517300856565_W184"><AREA image="Lai Pao 2 - page 3" shape="rect" coords="1483,658,1568,751"></AREA><AREA image="Lai Pao 2 - page 3" shape="rect" coords="1531,665,1531,665"></AREA><AUDIO start="218.93610131892183" end="219.2234642911995"/><TRANSL xml:lang="vie">kí</TRANSL><FORM kindOf="phone">ki:⁵</FORM></W></S><S id="TPO_hang_1517300856565_S16"><AREA image="Lai Pao 2 - page 3" shape="rect" coords="998,762,1651,859"></AREA><AUDIO start="219.306908446638" end="220.86568355634458"/><TRANSL xml:lang="fra">Moi soussigné, Po [père] Thong, a établi l'acte et signé.</TRANSL><TRANSL xml:lang="eng">I, undersigned, Po [father] Thong, have drawn up the act and signed.</TRANSL><TRANSL xml:lang="vie">Tôi Pỏ [cha] Thong thảo lại.</TRANSL><FORM kindOf="phone">kʰɔ:j⁵ pɔ:⁴ tʰɔ:ŋ² ta:³ tə:²</FORM><W id="TPO_hang_1517300856565_W186"><AREA image="Lai Pao 2 - page 3" shape="rect" coords="1008,778,1158,848"></AREA><AUDIO start="219.39588207456612" end="219.64876149017047"/><TRANSL xml:lang="vie">tôi</TRANSL><FORM kindOf="phone">kʰɔ:j⁵</FORM></W><W id="TPO_hang_1517300856565_W187"><AREA image="Lai Pao 2 - page 3" shape="rect" coords="1153,780,1224,849"></AREA><AUDIO start="219.66025600906158" end="219.90164090577483"/><TRANSL xml:lang="vie">cha</TRANSL><FORM kindOf="phone">pɔ:⁴</FORM></W><W id="TPO_hang_1517300856565_W188"><AREA image="Lai Pao 2 - page 3" shape="rect" coords="1227,779,1365,848"></AREA><AUDIO start="219.90164090577483" end="220.18900387805252"/><TRANSL xml:lang="vie">Thong</TRANSL><FORM kindOf="phone">tʰɔ:ŋ²</FORM></W><W id="TPO_hang_1517300856565_W189"><AREA image="Lai Pao 2 - page 3" shape="rect" coords="1374,788,1480,846"></AREA><AUDIO start="220.1775093591614" end="220.38441069920134"/><TRANSL xml:lang="vie">thảo lại</TRANSL><FORM kindOf="phone">ta³ </FORM></W><W id="TPO_hang_1517300856565_W190"><AREA image="Lai Pao 2 - page 3" shape="rect" coords="1479,773,1627,848"></AREA><AUDIO start="220.39590521809245" end="220.68326819037014"/><TRANSL xml:lang="vie">tờ, văn bản</TRANSL><FORM kindOf="phone">tə:²</FORM></W></S></TEXT>