<?xml version="1.0" encoding="UTF-8"?>
<!DOCTYPE TEXT SYSTEM "../../Archive_v2.dtd">
<TEXT xmlns="http://crdo.risc.fr/schemas/annotation" xmlns:xsi="http://www.w3.org/2001/XMLSchema-instance" xsi:schemaLocation="http://crdo.risc.fr/schemas/annotation http://cocoon.huma-num.fr/schemas/archive.xsd" id="crdo-TWH_deo_1509221035107" xml:lang=""><HEADER/><S id="TWH_deo_1509221035107_S1"><AREA image="image" shape="rect" coords="20,389,364,661"></AREA><AUDIO start="0" end="0"/><TRANSL xml:lang="fra">A quelle heure le chant de la poule présage du bien ou du mauvais ?</TRANSL><FORM kindOf="phono">an niz kaix mex k'an xoe dae di raaiz</FORM><W id="TWH_deo_1509221035107_W2"><AREA image="image" shape="rect" coords="38,415,145,502"></AREA><AUDIO start="0" end="0"/><TRANSL xml:lang="fra">Appellatif numéral de la plupart des objets, (fait souvent double emploi avec un autre appellatif)</TRANSL><FORM kindOf="phono">an</FORM></W><W id="TWH_deo_1509221035107_W3"><AREA image="image" shape="rect" coords="137,407,211,489"></AREA><AUDIO start="0" end="0"/><TRANSL xml:lang="fra">Celui-ci, celle-ci (en parlant des personnes, des animaux, et des choses qui ont pour appellatif numéral tô).</TRANSL><FORM kindOf="phono">niz</FORM></W><W id="TWH_deo_1509221035107_W4"><AREA image="image" shape="rect" coords="199,383,315,485"></AREA><AUDIO start="0" end="0"/><TRANSL xml:lang="fra">1 — Poule, poulet (sens général).</TRANSL><FORM kindOf="phono">kaix</FORM></W><W id="TWH_deo_1509221035107_W5"><AREA image="image" shape="rect" coords="22,506,126,569"></AREA><AUDIO start="0" end="0"/><TRANSL xml:lang="fra">1 — Femelle (adj.), femme (sens général).</TRANSL><FORM kindOf="phono">mex</FORM></W><W id="TWH_deo_1509221035107_W6"><AREA image="image" shape="rect" coords="123,479,235,563"></AREA><AUDIO start="0" end="0"/><TRANSL xml:lang="fra">Chanter (en parlant du coq).</TRANSL><FORM kindOf="phono">k'an</FORM></W><W id="TWH_deo_1509221035107_W7"><AREA image="image" shape="rect" coords="234,487,300,594"></AREA><AUDIO start="0" end="0"/><TRANSL xml:lang="fra">1 — Temp (durée), moment (instant déterminé). 2 — Heure.</TRANSL><FORM kindOf="phono">xoe</FORM></W><W id="TWH_deo_1509221035107_W8"><AREA image="image" shape="rect" coords="286,481,361,559"></AREA><AUDIO start="0" end="0"/><TRANSL xml:lang="fra">Quel, quels, quelle, quelles.</TRANSL><FORM kindOf="phono">dae</FORM></W><W id="TWH_deo_1509221035107_W9"><AREA image="image" shape="rect" coords="25,566,105,630"></AREA><AUDIO start="0" end="0"/><TRANSL xml:lang="fra">Bon (adj.), bien (appréciation).</TRANSL><FORM kindOf="phono">di</FORM></W><W id="TWH_deo_1509221035107_W10"><AREA image="image" shape="rect" coords="96,573,228,646"></AREA><AUDIO start="0" end="0"/><TRANSL xml:lang="fra">1 — Mauvais, en mauvais état, en mauvaise santé ; méchant, vil, méprisable.</TRANSL><FORM kindOf="phono">raaiz</FORM></W></S><S id="TWH_deo_1509221035107_S2"><AREA image="image" shape="rect" coords="380,18,1592,149"></AREA><AUDIO start="0" end="0"/><TRANSL xml:lang="fra">à l'heure du rat ou du tigre, vous aurez un bon fils à la maison</TRANSL><TRANSL xml:lang="eng">at the rat or tiger hour, you will have a good son at home</TRANSL><FORM kindOf="phono">xoe caez xoe gni k'an kwong roen cawz cangx mi lou xaai di</FORM><W id="TWH_deo_1509221035107_W12"><AREA image="image" shape="rect" coords="377,24,469,148"></AREA><AUDIO start="0" end="0"/><TRANSL xml:lang=""></TRANSL><FORM kindOf="phono">xoe</FORM></W><W id="TWH_deo_1509221035107_W13"><AREA image="image" shape="rect" coords="449,26,573,108"></AREA><AUDIO start="0" end="0"/><TRANSL xml:lang=""></TRANSL><FORM kindOf="phono">caez</FORM></W><W id="TWH_deo_1509221035107_W14"><AREA image="image" shape="rect" coords="565,17,653,155"></AREA><AUDIO start="0" end="0"/><TRANSL xml:lang=""></TRANSL><FORM kindOf="phono">xoe</FORM></W><W id="TWH_deo_1509221035107_W15"><AREA image="image" shape="rect" coords="640,19,713,151"></AREA><AUDIO start="0" end="0"/><TRANSL xml:lang=""></TRANSL><FORM kindOf="phono">gni</FORM></W><W id="TWH_deo_1509221035107_W16"><AREA image="image" shape="rect" coords="712,31,822,114"></AREA><AUDIO start="0" end="0"/><TRANSL xml:lang=""></TRANSL><FORM kindOf="phono">k'an</FORM></W><W id="TWH_deo_1509221035107_W17"><AREA image="image" shape="rect" coords="830,39,953,113"></AREA><AUDIO start="0" end="0"/><TRANSL xml:lang=""></TRANSL><FORM kindOf="phono">kwong</FORM></W><W id="TWH_deo_1509221035107_W18"><AREA image="image" shape="rect" coords="972,33,1086,121"></AREA><AUDIO start="0" end="0"/><TRANSL xml:lang=""></TRANSL><FORM kindOf="phono">roen</FORM></W><W id="TWH_deo_1509221035107_W19"><AREA image="image" shape="rect" coords="1077,32,1175,112"></AREA><AUDIO start="0" end="0"/><TRANSL xml:lang=""></TRANSL><FORM kindOf="phono">cawz</FORM></W><W id="TWH_deo_1509221035107_W20"><AREA image="image" shape="rect" coords="1180,12,1273,108"></AREA><AUDIO start="0" end="0"/><TRANSL xml:lang=""></TRANSL><FORM kindOf="phono">cangx</FORM></W><W id="TWH_deo_1509221035107_W21"><AREA image="image" shape="rect" coords="1263,34,1334,106"></AREA><AUDIO start="0" end="0"/><TRANSL xml:lang=""></TRANSL><FORM kindOf="phono">mi</FORM></W><W id="TWH_deo_1509221035107_W22"><AREA image="image" shape="rect" coords="1326,64,1384,142"></AREA><AUDIO start="0" end="0"/><TRANSL xml:lang=""></TRANSL><FORM kindOf="phono">lou</FORM></W><W id="TWH_deo_1509221035107_W23"><AREA image="image" shape="rect" coords="1386,30,1498,146"></AREA><AUDIO start="0" end="0"/><TRANSL xml:lang=""></TRANSL><FORM kindOf="phono">xaai</FORM></W><W id="TWH_deo_1509221035107_W24"><AREA image="image" shape="rect" coords="1485,25,1597,116"></AREA><AUDIO start="0" end="0"/><TRANSL xml:lang=""></TRANSL><FORM kindOf="phono">di</FORM></W></S><S id="TWH_deo_1509221035107_S3"><AREA image="image" shape="rect" coords="380,122,1554,250"></AREA><AUDIO start="0" end="0"/><TRANSL xml:lang="fra">à l'heure du buffle ou du chat, il y aura une querelle à propos d'une affaire de pouvoir</TRANSL><TRANSL xml:lang="eng">at the buffalo or cat hour, there will be a quarrel about leadership</TRANSL><FORM kindOf="transliter">xoe pawz xoe hmawz mi vee 'taawz kwaan cix dax noiz nungx</FORM><W id="TWH_deo_1509221035107_W26"><AREA image="image" shape="rect" coords="374,142,464,248"></AREA><AUDIO start="0" end="0"/><TRANSL xml:lang=""></TRANSL><FORM kindOf="transliter">xoe</FORM></W><W id="TWH_deo_1509221035107_W27"><AREA image="image" shape="rect" coords="458,122,556,223"></AREA><AUDIO start="0" end="0"/><TRANSL xml:lang=""></TRANSL><FORM kindOf="transliter">pawz</FORM></W><W id="TWH_deo_1509221035107_W28"><AREA image="image" shape="rect" coords="557,135,648,253"></AREA><AUDIO start="0" end="0"/><TRANSL xml:lang=""></TRANSL><FORM kindOf="transliter">xoe</FORM></W><W id="TWH_deo_1509221035107_W29"><AREA image="image" shape="rect" coords="622,146,770,216"></AREA><AUDIO start="0" end="0"/><TRANSL xml:lang=""></TRANSL><FORM kindOf="transliter">hmawz</FORM></W><W id="TWH_deo_1509221035107_W30"><AREA image="image" shape="rect" coords="792,137,890,213"></AREA><AUDIO start="0" end="0"/><TRANSL xml:lang=""></TRANSL><FORM kindOf="transliter">mi</FORM></W><W id="TWH_deo_1509221035107_W31"><AREA image="image" shape="rect" coords="884,139,961,208"></AREA><AUDIO start="0" end="0"/><TRANSL xml:lang=""></TRANSL><FORM kindOf="transliter">vee</FORM></W><W id="TWH_deo_1509221035107_W32"><AREA image="image" shape="rect" coords="936,162,1048,218"></AREA><AUDIO start="0" end="0"/><TRANSL xml:lang=""></TRANSL><FORM kindOf="transliter">'taawz</FORM></W><W id="TWH_deo_1509221035107_W33"><AREA image="image" shape="rect" coords="1051,138,1198,218"></AREA><AUDIO start="0" end="0"/><TRANSL xml:lang=""></TRANSL><FORM kindOf="transliter">kwaan</FORM></W><W id="TWH_deo_1509221035107_W34"><AREA image="image" shape="rect" coords="1199,120,1293,197"></AREA><AUDIO start="0" end="0"/><TRANSL xml:lang=""></TRANSL><FORM kindOf="transliter">cix</FORM></W><W id="TWH_deo_1509221035107_W35"><AREA image="image" shape="rect" coords="1267,144,1372,210"></AREA><AUDIO start="0" end="0"/><TRANSL xml:lang=""></TRANSL><FORM kindOf="transliter">dax</FORM></W><W id="TWH_deo_1509221035107_W36"><AREA image="image" shape="rect" coords="1383,138,1500,209"></AREA><AUDIO start="0" end="0"/><TRANSL xml:lang=""></TRANSL><FORM kindOf="transliter">noiz</FORM></W><W id="TWH_deo_1509221035107_W37"><AREA image="image" shape="rect" coords="1493,153,1543,201"></AREA><AUDIO start="0" end="0"/><TRANSL xml:lang=""></TRANSL><FORM kindOf="transliter">nungx</FORM></W></S><S id="TWH_deo_1509221035107_S4"><AREA image="image" shape="rect" coords="363,210,1591,365"></AREA><AUDIO start="0" end="0"/><TRANSL xml:lang="fra">à l'heure du serpent ou du singe, il y aura de la douleur à la maison</TRANSL><TRANSL xml:lang="eng">at the snake or monkey hour, there will be pain at home</TRANSL><FORM kindOf="transliter">xoe saez xoe san kwong roen cangx mi ceeb mi chaiz</FORM><W id="TWH_deo_1509221035107_W39"><AREA image="image" shape="rect" coords="359,252,464,367"></AREA><AUDIO start="0" end="0"/><TRANSL xml:lang=""></TRANSL><FORM kindOf="transliter">xoe</FORM></W><W id="TWH_deo_1509221035107_W40"><AREA image="image" shape="rect" coords="450,260,556,330"></AREA><AUDIO start="0" end="0"/><TRANSL xml:lang=""></TRANSL><FORM kindOf="transliter">saez</FORM></W><W id="TWH_deo_1509221035107_W41"><AREA image="image" shape="rect" coords="552,244,635,373"></AREA><AUDIO start="0" end="0"/><TRANSL xml:lang=""></TRANSL><FORM kindOf="transliter">xoe</FORM></W><W id="TWH_deo_1509221035107_W42"><AREA image="image" shape="rect" coords="614,248,750,328"></AREA><AUDIO start="0" end="0"/><TRANSL xml:lang=""></TRANSL><FORM kindOf="transliter">san</FORM></W><W id="TWH_deo_1509221035107_W43"><AREA image="image" shape="rect" coords="801,249,960,323"></AREA><AUDIO start="0" end="0"/><TRANSL xml:lang=""></TRANSL><FORM kindOf="transliter">kwong</FORM></W><W id="TWH_deo_1509221035107_W44"><AREA image="image" shape="rect" coords="950,255,1082,332"></AREA><AUDIO start="0" end="0"/><TRANSL xml:lang=""></TRANSL><FORM kindOf="transliter">roen</FORM></W><W id="TWH_deo_1509221035107_W45"><AREA image="image" shape="rect" coords="1084,209,1207,323"></AREA><AUDIO start="0" end="0"/><TRANSL xml:lang=""></TRANSL><FORM kindOf="transliter">cangx</FORM></W><W id="TWH_deo_1509221035107_W46"><AREA image="image" shape="rect" coords="1189,236,1285,310"></AREA><AUDIO start="0" end="0"/><TRANSL xml:lang=""></TRANSL><FORM kindOf="transliter">mi</FORM></W><W id="TWH_deo_1509221035107_W47"><AREA image="image" shape="rect" coords="1261,204,1392,315"></AREA><AUDIO start="0" end="0"/><TRANSL xml:lang=""></TRANSL><FORM kindOf="transliter">ceeb</FORM></W><W id="TWH_deo_1509221035107_W48"><AREA image="image" shape="rect" coords="1372,217,1453,315"></AREA><AUDIO start="0" end="0"/><TRANSL xml:lang=""></TRANSL><FORM kindOf="transliter">mi</FORM></W><W id="TWH_deo_1509221035107_W49"><AREA image="image" shape="rect" coords="1431,207,1589,302"></AREA><AUDIO start="0" end="0"/><TRANSL xml:lang=""></TRANSL><FORM kindOf="transliter">chaiz</FORM></W></S><S id="TWH_deo_1509221035107_S5"><AREA image="image" shape="rect" coords="366,333,1516,488"></AREA><AUDIO start="0" end="0"/><TRANSL xml:lang="fra">à l'heure du dragon ou du chien, si vous n'avez pas de soucis de santé, alors vous perdrez quelque chose</TRANSL><TRANSL xml:lang="eng">at the dragon or dog hour, if you don't feel bad, you will loose something</TRANSL><FORM kindOf="transliter">xoe si xoe meed bawx ceeb chaiz qoz cix see k'ong</FORM><W id="TWH_deo_1509221035107_W51"><AREA image="image" shape="rect" coords="359,362,460,482"></AREA><AUDIO start="0" end="0"/><TRANSL xml:lang=""></TRANSL><FORM kindOf="transliter">xoe</FORM></W><W id="TWH_deo_1509221035107_W52"><AREA image="image" shape="rect" coords="447,361,549,447"></AREA><AUDIO start="0" end="0"/><TRANSL xml:lang=""></TRANSL><FORM kindOf="transliter">si</FORM></W><W id="TWH_deo_1509221035107_W53"><AREA image="image" shape="rect" coords="537,353,640,489"></AREA><AUDIO start="0" end="0"/><TRANSL xml:lang=""></TRANSL><FORM kindOf="transliter">xoe</FORM></W><W id="TWH_deo_1509221035107_W54"><AREA image="image" shape="rect" coords="617,346,776,438"></AREA><AUDIO start="0" end="0"/><TRANSL xml:lang=""></TRANSL><FORM kindOf="transliter">meed</FORM></W><W id="TWH_deo_1509221035107_W55"><AREA image="image" shape="rect" coords="791,354,884,435"></AREA><AUDIO start="0" end="0"/><TRANSL xml:lang=""></TRANSL><FORM kindOf="transliter">bawx</FORM></W><W id="TWH_deo_1509221035107_W56"><AREA image="image" shape="rect" coords="891,340,1006,432"></AREA><AUDIO start="0" end="0"/><TRANSL xml:lang=""></TRANSL><FORM kindOf="transliter">ceeb</FORM></W><W id="TWH_deo_1509221035107_W57"><AREA image="image" shape="rect" coords="994,323,1132,430"></AREA><AUDIO start="0" end="0"/><TRANSL xml:lang=""></TRANSL><FORM kindOf="transliter">chaiz</FORM></W><W id="TWH_deo_1509221035107_W58"><AREA image="image" shape="rect" coords="1110,357,1188,440"></AREA><AUDIO start="0" end="0"/><TRANSL xml:lang=""></TRANSL><FORM kindOf="transliter">qoz</FORM></W><W id="TWH_deo_1509221035107_W59"><AREA image="image" shape="rect" coords="1191,318,1283,452"></AREA><AUDIO start="0" end="0"/><TRANSL xml:lang=""></TRANSL><FORM kindOf="transliter">cix</FORM></W><W id="TWH_deo_1509221035107_W60"><AREA image="image" shape="rect" coords="1264,341,1369,426"></AREA><AUDIO start="0" end="0"/><TRANSL xml:lang=""></TRANSL><FORM kindOf="transliter">see</FORM></W><W id="TWH_deo_1509221035107_W61"><AREA image="image" shape="rect" coords="1345,348,1508,429"></AREA><AUDIO start="0" end="0"/><TRANSL xml:lang=""></TRANSL><FORM kindOf="transliter">k'ong</FORM></W></S><S id="TWH_deo_1509221035107_S6"><AREA image="image" shape="rect" coords="368,453,1438,591"></AREA><AUDIO start="0" end="0"/><TRANSL xml:lang="fra">à l'heure du cheval, vous aurez une affaire de chef à régler</TRANSL><TRANSL xml:lang="eng">at the horse hour, you will have a chief matter</TRANSL><FORM kindOf="transliter">xoe sa gnaaz mi vee 'taawz vee kwaan noiz nungx</FORM><W id="TWH_deo_1509221035107_W63"><AREA image="image" shape="rect" coords="378,468,472,588"></AREA><AUDIO start="0" end="0"/><TRANSL xml:lang=""></TRANSL><FORM kindOf="transliter">xoe</FORM></W><W id="TWH_deo_1509221035107_W64"><AREA image="image" shape="rect" coords="474,459,642,559"></AREA><AUDIO start="0" end="0"/><TRANSL xml:lang=""></TRANSL><FORM kindOf="transliter">sa ngaaz</FORM></W><W id="TWH_deo_1509221035107_W66"><AREA image="image" shape="rect" coords="649,467,741,563"></AREA><AUDIO start="0" end="0"/><TRANSL xml:lang=""></TRANSL><FORM kindOf="transliter">mi</FORM></W><W id="TWH_deo_1509221035107_W67"><AREA image="image" shape="rect" coords="732,464,828,558"></AREA><AUDIO start="0" end="0"/><TRANSL xml:lang=""></TRANSL><FORM kindOf="transliter">vee</FORM></W><W id="TWH_deo_1509221035107_W68"><AREA image="image" shape="rect" coords="824,481,943,560"></AREA><AUDIO start="0" end="0"/><TRANSL xml:lang=""></TRANSL><FORM kindOf="transliter">'taawz</FORM></W><W id="TWH_deo_1509221035107_W69"><AREA image="image" shape="rect" coords="951,460,1041,551"></AREA><AUDIO start="0" end="0"/><TRANSL xml:lang=""></TRANSL><FORM kindOf="transliter">vee</FORM></W><W id="TWH_deo_1509221035107_W70"><AREA image="image" shape="rect" coords="1012,471,1192,552"></AREA><AUDIO start="0" end="0"/><TRANSL xml:lang=""></TRANSL><FORM kindOf="transliter">kwaan</FORM></W><W id="TWH_deo_1509221035107_W71"><AREA image="image" shape="rect" coords="1229,464,1361,537"></AREA><AUDIO start="0" end="0"/><TRANSL xml:lang=""></TRANSL><FORM kindOf="transliter">noiz</FORM></W><W id="TWH_deo_1509221035107_W72"><AREA image="image" shape="rect" coords="1339,468,1424,528"></AREA><AUDIO start="0" end="0"/><TRANSL xml:lang=""></TRANSL><FORM kindOf="transliter">nungx</FORM></W></S><S id="TWH_deo_1509221035107_S7"><AREA image="image" shape="rect" coords="370,532,1597,713"></AREA><AUDIO start="0" end="0"/><TRANSL xml:lang="fra">à l'heure de la chèvre ou du cochon, vous aurez une bonne affaire, sinon une bonne parole</TRANSL><TRANSL xml:lang="eng">at the goat or pig hour, you will have a good business, if not a good word</TRANSL><FORM kindOf="transliter">xoe mwod xoe qaez cawz cangx mi vee di bawx qoz mi q'aam di</FORM><W id="TWH_deo_1509221035107_W74"><AREA image="image" shape="rect" coords="370,571,470,704"></AREA><AUDIO start="0" end="0"/><TRANSL xml:lang=""></TRANSL><FORM kindOf="transliter">xoe</FORM></W><W id="TWH_deo_1509221035107_W75"><AREA image="image" shape="rect" coords="453,576,632,660"></AREA><AUDIO start="0" end="0"/><TRANSL xml:lang=""></TRANSL><FORM kindOf="transliter">mwod</FORM></W><W id="TWH_deo_1509221035107_W76"><AREA image="image" shape="rect" coords="621,569,715,703"></AREA><AUDIO start="0" end="0"/><TRANSL xml:lang=""></TRANSL><FORM kindOf="transliter">xoe</FORM></W><W id="TWH_deo_1509221035107_W77"><AREA image="image" shape="rect" coords="700,600,810,654"></AREA><AUDIO start="0" end="0"/><TRANSL xml:lang=""></TRANSL><FORM kindOf="transliter">qaez</FORM></W><W id="TWH_deo_1509221035107_W78"><AREA image="image" shape="rect" coords="840,554,941,651"></AREA><AUDIO start="0" end="0"/><TRANSL xml:lang=""></TRANSL><FORM kindOf="transliter">cawz</FORM></W><W id="TWH_deo_1509221035107_W79"><AREA image="image" shape="rect" coords="947,545,1045,657"></AREA><AUDIO start="0" end="0"/><TRANSL xml:lang=""></TRANSL><FORM kindOf="transliter">cangx</FORM></W><W id="TWH_deo_1509221035107_W80"><AREA image="image" shape="rect" coords="1046,548,1133,664"></AREA><AUDIO start="0" end="0"/><TRANSL xml:lang=""></TRANSL><FORM kindOf="transliter">mi</FORM></W><W id="TWH_deo_1509221035107_W81"><AREA image="image" shape="rect" coords="1117,544,1194,671"></AREA><AUDIO start="0" end="0"/><TRANSL xml:lang=""></TRANSL><FORM kindOf="transliter">vee</FORM></W><W id="TWH_deo_1509221035107_W82"><AREA image="image" shape="rect" coords="1169,539,1254,636"></AREA><AUDIO start="0" end="0"/><TRANSL xml:lang=""></TRANSL><FORM kindOf="transliter">di</FORM></W><W id="TWH_deo_1509221035107_W83"><AREA image="image" shape="rect" coords="1237,571,1304,638"></AREA><AUDIO start="0" end="0"/><TRANSL xml:lang=""></TRANSL><FORM kindOf="transliter">bawx</FORM></W><W id="TWH_deo_1509221035107_W84"><AREA image="image" shape="rect" coords="1301,584,1348,651"></AREA><AUDIO start="0" end="0"/><TRANSL xml:lang=""></TRANSL><FORM kindOf="transliter">qoz</FORM></W><W id="TWH_deo_1509221035107_W85"><AREA image="image" shape="rect" coords="1345,540,1426,645"></AREA><AUDIO start="0" end="0"/><TRANSL xml:lang=""></TRANSL><FORM kindOf="transliter">mi</FORM></W><W id="TWH_deo_1509221035107_W86"><AREA image="image" shape="rect" coords="1409,560,1531,640"></AREA><AUDIO start="0" end="0"/><TRANSL xml:lang=""></TRANSL><FORM kindOf="transliter">q'aam</FORM></W><W id="TWH_deo_1509221035107_W87"><AREA image="image" shape="rect" coords="1521,511,1599,652"></AREA><AUDIO start="0" end="0"/><TRANSL xml:lang=""></TRANSL><FORM kindOf="transliter">di</FORM></W></S></TEXT>